template,line,control,label,id_or_name,method,target,hook,review_state,role,data_state,viewport,expected,observed,evidence,outcome,issue_id
src/apps/accounts/templates/accounts/mfa_setup.html,4,form,{% csrf_token %}{% if next %} {% endif %}{% include 'hub/auth_fields.html' %} Confirmar,,POST,,,inventariado; execucao pendente,,,,,,,,
src/apps/accounts/templates/accounts/mfa_setup.html,4,button,Confirmar,,POST,,,inventariado; execucao pendente,,,,,,,,
src/apps/accounts/templates/accounts/mfa_verify.html,4,form,{% csrf_token %}{% if next %} {% endif %}{% include 'hub/auth_fields.html' %} Entrar,,POST,,,inventariado; execucao pendente,,,,,,,,
src/apps/accounts/templates/accounts/mfa_verify.html,4,button,Entrar,,POST,,,inventariado; execucao pendente,,,,,,,,
src/apps/accounts/templates/accounts/mfa_verify.html,4,summary,Perdeu o aplicativo?,,,,,inventariado; execucao pendente,,,,,,,,
src/apps/accounts/templates/accounts/mfa_verify.html,4,form,{% csrf_token %} Sair desta conta,,POST,{% url 'hub:logout' %},,inventariado; execucao pendente,,,,,,,,
src/apps/accounts/templates/accounts/mfa_verify.html,4,button,Sair desta conta,,POST,{% url 'hub:logout' %},,inventariado; execucao pendente,,,,,,,,
src/apps/hub/templates/hub/activate.html,4,form,{% csrf_token %}{% include 'hub/auth_fields.html' %} Ativar meu acesso,,POST,,,inventariado; execucao pendente,,,,,,,,
src/apps/hub/templates/hub/activate.html,4,button,Ativar meu acesso,,POST,,,inventariado; execucao pendente,,,,,,,,
src/apps/hub/templates/hub/activate_accept.html,4,form,{% csrf_token %} Aceitar convite,,POST,,,inventariado; execucao pendente,,,,,,,,
src/apps/hub/templates/hub/activate_accept.html,4,button,Aceitar convite,,POST,,,inventariado; execucao pendente,,,,,,,,
src/apps/hub/templates/hub/activate_signin.html,4,form,{% csrf_token %} Trocar de conta,,POST,{% url 'hub:logout' %},,inventariado; execucao pendente,,,,,,,,
src/apps/hub/templates/hub/activate_signin.html,4,button,Trocar de conta,,POST,{% url 'hub:logout' %},,inventariado; execucao pendente,,,,,,,,
src/apps/hub/templates/hub/activate_signin.html,4,a,Entre para aceitar,,,{{ login_url }},,inventariado; execucao pendente,,,,,,,,
src/apps/hub/templates/hub/activation_invalid.html,1,a,Voltar ao site,,,{% url 'hub:home' %},,inventariado; execucao pendente,,,,,,,,
src/apps/hub/templates/hub/activities.html,6,a,{{ item.label }} {{ item.count }},,,{{ item.url }},,inventariado; execucao pendente,,,,,,,,
src/apps/hub/templates/hub/activities.html,13,a,Limpar filtros e voltar ao trabalho em aberto,,,{{ clear_activity_filters_url }},,inventariado; execucao pendente,,,,,,,,
src/apps/hub/templates/hub/activities.html,20,a,{{ item.label }} × Remover filtro,,,{{ item.url }},,inventariado; execucao pendente,,,,,,,,
src/apps/hub/templates/hub/activities.html,21,a,Limpar todos,,,{{ clear_activity_filters_url }},,inventariado; execucao pendente,,,,,,,,
src/apps/hub/templates/hub/activities.html,25,form,{% if selected_due %} {% endif %} {% if selected_overdue %} {% endif %} Busca Empresa Toda a carteira {% for company in companies %} {{ company.name }} {% endfor %} Competência {% ,,GET,,data-clean-query= data-toolbar=,inventariado; execucao pendente,,,,,,,,
src/apps/hub/templates/hub/activities.html,29,input:search,{{ selected_search }},activity-q,GET,,,inventariado; execucao pendente,,,,,,,,
src/apps/hub/templates/hub/activities.html,30,select,Toda a carteira {% for company in companies %} {{ company.name }} {% endfor %},activity-company,GET,,,inventariado; execucao pendente,,,,,,,,
src/apps/hub/templates/hub/activities.html,31,input:month,{{ selected_competence }},activity-competence,GET,,,inventariado; execucao pendente,,,,,,,,
src/apps/hub/templates/hub/activities.html,32,select,Toda a equipe {% for user in activity_assignees %} {{ user.display_name }} {% endfor %},activity-assignee,GET,,,inventariado; execucao pendente,,,,,,,,
src/apps/hub/templates/hub/activities.html,33,button,Filtros,,GET,,data-toolbar-toggle=,inventariado; execucao pendente,,,,,,,,
src/apps/hub/templates/hub/activities.html,33,button,Filtrar,,GET,,data-busy-label=Filtrando…,inventariado; execucao pendente,,,,,,,,
src/apps/hub/templates/hub/activities.html,36,summary,Mais filtros,,GET,,,inventariado; execucao pendente,,,,,,,,
src/apps/hub/templates/hub/activities.html,38,select,"Todas as áreas {% for value, label in activity_areas %} {{ label }} {% endfor %}",activity-area,GET,,,inventariado; execucao pendente,,,,,,,,
src/apps/hub/templates/hub/activities.html,39,select,"Em aberto {% for value, label in activity_statuses %} {{ label }} {% endfor %} Todas, inclusive encerradas",activity-status,GET,,,inventariado; execucao pendente,,,,,,,,
src/apps/hub/templates/hub/activities.html,40,select,"Qualquer atualização {% for value, label in activity_freshnesses %} {{ label }} {% endfor %}",activity-freshness,GET,,,inventariado; execucao pendente,,,,,,,,
src/apps/hub/templates/hub/activities.html,41,input:checkbox,1,unassigned,GET,,,inventariado; execucao pendente,,,,,,,,
src/apps/hub/templates/hub/activities.html,52,form,{% csrf_token %} Selecionar página Ação {% if can_bulk_assign %} Atribuir {% endif %}{% if can_bulk_reschedule %} Mudar prazo interno {% endif %} Concluir {% if can_bulk_assign %} ,activity-bulk,POST,{% url 'hub:activity-bulk-action' %},data-bulk-form=,inventariado; execucao pendente,,,,,,,,
src/apps/hub/templates/hub/activities.html,55,input:checkbox,Selecionar página,,POST,{% url 'hub:activity-bulk-action' %},data-bulk-all=,inventariado; execucao pendente,,,,,,,,
src/apps/hub/templates/hub/activities.html,58,select,{% if can_bulk_assign %} Atribuir {% endif %}{% if can_bulk_reschedule %} Mudar prazo interno {% endif %} Concluir,activity-bulk-action,POST,{% url 'hub:activity-bulk-action' %},data-bulk-action=,inventariado; execucao pendente,,,,,,,,
src/apps/hub/templates/hub/activities.html,59,select,Sem responsável {% for user in activity_assignees %} {{ user.display_name }} {% endfor %},activity-bulk-assignee,POST,{% url 'hub:activity-bulk-action' %},,inventariado; execucao pendente,,,,,,,,
src/apps/hub/templates/hub/activities.html,60,input:date,Novo prazo,activity-bulk-due,POST,{% url 'hub:activity-bulk-action' %},,inventariado; execucao pendente,,,,,,,,
src/apps/hub/templates/hub/activities.html,61,input:text,Motivo,activity-bulk-reason,POST,{% url 'hub:activity-bulk-action' %},,inventariado; execucao pendente,,,,,,,,
src/apps/hub/templates/hub/activities.html,62,button,Aplicar,,POST,{% url 'hub:activity-bulk-action' %},data-busy-label=Aplicando…,inventariado; execucao pendente,,,,,,,,
src/apps/hub/templates/hub/activities.html,68,input:checkbox,{{ activity.id }},activity_ids,POST,{% url 'hub:activity-bulk-action' %},data-bulk-target=,inventariado; execucao pendente,,,,,,,,
src/apps/hub/templates/hub/activities.html,73,a,Conferir {{ activity.title }},,POST,{% url 'hub:activity-detail' activity.id %},,inventariado; execucao pendente,,,,,,,,
src/apps/hub/templates/hub/activities.html,77,a,Anterior,,,?{% if activities_querystring %}{{ activities_querystring }}&{% endif %}page={{ activities_page.previous_page_number }},,inventariado; execucao pendente,,,,,,,,
src/apps/hub/templates/hub/activities.html,77,a,Próxima,,,?{% if activities_querystring %}{{ activities_querystring }}&{% endif %}page={{ activities_page.next_page_number }},,inventariado; execucao pendente,,,,,,,,
src/apps/hub/templates/hub/activities.html,79,a,Limpar filtros,,,{{ clear_activity_filters_url }},,inventariado; execucao pendente,,,,,,,,
src/apps/hub/templates/hub/activity_detail.html,5,a,Voltar às atividades,,,{% url 'hub:activities' %},,inventariado; execucao pendente,,,,,,,,
src/apps/hub/templates/hub/activity_detail.html,13,a,fonte de {{ activity.legal_due_rule.title }},,,{{ activity.legal_due_rule.source_url }},,inventariado; execucao pendente,,,,,,,,
src/apps/hub/templates/hub/activity_detail.html,21,form,{% csrf_token %} Assumir,,POST,{% url 'hub:activity-claim' activity.id %},,inventariado; execucao pendente,,,,,,,,
src/apps/hub/templates/hub/activity_detail.html,21,button,Assumir,,POST,{% url 'hub:activity-claim' activity.id %},data-busy-label=Assumindo…,inventariado; execucao pendente,,,,,,,,
src/apps/hub/templates/hub/activity_detail.html,23,summary,Mudar prazo interno,,,,,inventariado; execucao pendente,,,,,,,,
src/apps/hub/templates/hub/activity_detail.html,24,form,{% csrf_token %} Novo prazo interno Motivo Salvar prazo,,POST,{% url 'hub:activity-reschedule' activity.id %},,inventariado; execucao pendente,,,,,,,,
src/apps/hub/templates/hub/activity_detail.html,26,input:date,{{ activity.internal_due_on|date:'Y-m-d' }},activity-new-due,POST,{% url 'hub:activity-reschedule' activity.id %},,inventariado; execucao pendente,,,,,,,,
src/apps/hub/templates/hub/activity_detail.html,27,input:text,Motivo,activity-due-reason,POST,{% url 'hub:activity-reschedule' activity.id %},,inventariado; execucao pendente,,,,,,,,
src/apps/hub/templates/hub/activity_detail.html,28,button,Salvar prazo,,POST,{% url 'hub:activity-reschedule' activity.id %},data-busy-label=Salvando…,inventariado; execucao pendente,,,,,,,,
src/apps/hub/templates/hub/activity_detail.html,40,a,Consultar publicação vinculada,,,{% url 'hub:reform-analysis' activity.source_reform_alert_id %},,inventariado; execucao pendente,,,,,,,,
src/apps/hub/templates/hub/activity_detail.html,61,summary,Registrar evidência,,,,,inventariado; execucao pendente,,,,,,,,
src/apps/hub/templates/hub/activity_detail.html,62,form,{% csrf_token %} {{ evidence_form.non_field_errors }} {% for field in evidence_form %} {{ field.label_tag }}{{ field }}{{ field.errors }}{% if field.help_text %} {{ field.help_text,,POST,{% url 'hub:activity-add-evidence' activity.id %},,inventariado; execucao pendente,,,,,,,,
src/apps/hub/templates/hub/activity_detail.html,65,button,Registrar evidência,,POST,{% url 'hub:activity-add-evidence' activity.id %},data-busy-label=Registrando…,inventariado; execucao pendente,,,,,,,,
src/apps/hub/templates/hub/activity_detail.html,71,summary,Registrar impedimento,,,,,inventariado; execucao pendente,,,,,,,,
src/apps/hub/templates/hub/activity_detail.html,72,form,{% csrf_token %} {{ block_form.non_field_errors }} {% for field in block_form %} {{ field.label_tag }}{{ field }}{{ field.errors }} {% endfor %} Registrar impedimento,,POST,{% url 'hub:activity-block' activity.id %},,inventariado; execucao pendente,,,,,,,,
src/apps/hub/templates/hub/activity_detail.html,75,button,Registrar impedimento,,POST,{% url 'hub:activity-block' activity.id %},data-busy-label=Registrando…,inventariado; execucao pendente,,,,,,,,
src/apps/hub/templates/hub/activity_detail.html,78,button,{% if activity.work_status == 'blocked' %}Revisar resolução e conclusão{% else %}Revisar conclusão{% endif %},,,,data-modal-open=activity-complete-review,inventariado; execucao pendente,,,,,,,,
src/apps/hub/templates/hub/activity_detail.html,85,summary,Ver estados e referência técnica,,,,,inventariado; execucao pendente,,,,,,,,
src/apps/hub/templates/hub/activity_detail.html,91,summary,Leituras da fonte {{ activity_source_observations|length }},,,,,inventariado; execucao pendente,,,,,,,,
src/apps/hub/templates/hub/activity_detail.html,96,summary,Histórico da atividade {{ activity_events|length }},,,,,inventariado; execucao pendente,,,,,,,,
src/apps/hub/templates/hub/activity_detail.html,97,form,{% csrf_token %} Observação Registrar observação,,POST,{% url 'hub:activity-note' activity.id %},,inventariado; execucao pendente,,,,,,,,
src/apps/hub/templates/hub/activity_detail.html,97,textarea,Observação,activity-note,POST,{% url 'hub:activity-note' activity.id %},,inventariado; execucao pendente,,,,,,,,
src/apps/hub/templates/hub/activity_detail.html,97,button,Registrar observação,,POST,{% url 'hub:activity-note' activity.id %},data-busy-label=Registrando…,inventariado; execucao pendente,,,,,,,,
src/apps/hub/templates/hub/activity_detail.html,101,button,×,,,,data-modal-close=,inventariado; execucao pendente,,,,,,,,
src/apps/hub/templates/hub/activity_detail.html,101,form,{% csrf_token %} {% if activity.work_status == 'blocked' %}Confirmar resolução e conclusão{% else %}Confirmar conclusão{% endif %} Cancelar,,POST,{% url 'hub:activity-complete' activity.id %},,inventariado; execucao pendente,,,,,,,,
src/apps/hub/templates/hub/activity_detail.html,101,button,{% if activity.work_status == 'blocked' %}Confirmar resolução e conclusão{% else %}Confirmar conclusão{% endif %},,POST,{% url 'hub:activity-complete' activity.id %},data-busy-label=Concluindo…,inventariado; execucao pendente,,,,,,,,
src/apps/hub/templates/hub/activity_detail.html,101,button,Cancelar,,POST,{% url 'hub:activity-complete' activity.id %},data-modal-close=,inventariado; execucao pendente,,,,,,,,
src/apps/hub/templates/hub/activity_models.html,10,a,Definir rotina,,,#template-step,,inventariado; execucao pendente,,,,,,,,
src/apps/hub/templates/hub/activity_models.html,11,a,Aplicar à carteira,,,#assignment-step,,inventariado; execucao pendente,,,,,,,,
src/apps/hub/templates/hub/activity_models.html,12,a,Gerar competência,,,#generation-step,,inventariado; execucao pendente,,,,,,,,
src/apps/hub/templates/hub/activity_models.html,20,a,fonte de {{ template.legal_rule.title }},,,{{ template.legal_rule.source_url }},,inventariado; execucao pendente,,,,,,,,
src/apps/hub/templates/hub/activity_models.html,23,form,{% csrf_token %} {% if template.active %}Pausar modelo{% else %}Retomar modelo{% endif %} {{ template.title }} versão {{ template.version }},,POST,,,inventariado; execucao pendente,,,,,,,,
src/apps/hub/templates/hub/activity_models.html,23,button,{% if template.active %}Pausar modelo{% else %}Retomar modelo{% endif %} {{ template.title }} versão {{ template.version }},,POST,,data-busy-label=Salvando…,inventariado; execucao pendente,,,,,,,,
src/apps/hub/templates/hub/activity_models.html,23,form,{% csrf_token %} Vencer no mês seguinte {{ template.title }},,POST,,,inventariado; execucao pendente,,,,,,,,
src/apps/hub/templates/hub/activity_models.html,23,button,Vencer no mês seguinte {{ template.title }},,POST,,data-busy-label=Movendo…,inventariado; execucao pendente,,,,,,,,
src/apps/hub/templates/hub/activity_models.html,25,a,Anterior,,,?{% if template_querystring %}{{ template_querystring }}&{% endif %}templates_page={{ activity_template_page.previous_page_number }}#model-library,,inventariado; execucao pendente,,,,,,,,
src/apps/hub/templates/hub/activity_models.html,25,a,Próxima,,,?{% if template_querystring %}{{ template_querystring }}&{% endif %}templates_page={{ activity_template_page.next_page_number }}#model-library,,inventariado; execucao pendente,,,,,,,,
src/apps/hub/templates/hub/activity_models.html,26,a,Definir primeira rotina,,,#template-step,,inventariado; execucao pendente,,,,,,,,
src/apps/hub/templates/hub/activity_models.html,30,summary,1 Definir uma rotina +,,,,,inventariado; execucao pendente,,,,,,,,
src/apps/hub/templates/hub/activity_models.html,30,form,{% csrf_token %} {% if template_form.errors %} Confira os dados da rotina. {% for field in template_form %}{% if field.errors %} {{ field.label }} {% endif %}{% endfor %}{% for err,,POST,,,inventariado; execucao pendente,,,,,,,,
src/apps/hub/templates/hub/activity_models.html,31,a,{{ field.label }},,POST,#{{ field.id_for_label }},,inventariado; execucao pendente,,,,,,,,
src/apps/hub/templates/hub/activity_models.html,32,button,Criar versão do modelo,,POST,,data-busy-label=Criando versão…,inventariado; execucao pendente,,,,,,,,
src/apps/hub/templates/hub/activity_models.html,35,summary,2 Aplicar a uma empresa +,,,,,inventariado; execucao pendente,,,,,,,,
src/apps/hub/templates/hub/activity_models.html,35,form,{% csrf_token %} {% if assignment_form.errors %} Confira a atribuição. {% for field in assignment_form %}{% if field.errors %} {{ field.label }} {% endif %}{% endfor %}{% for error,,POST,,,inventariado; execucao pendente,,,,,,,,
src/apps/hub/templates/hub/activity_models.html,36,a,{{ field.label }},,POST,#{{ field.id_for_label }},,inventariado; execucao pendente,,,,,,,,
src/apps/hub/templates/hub/activity_models.html,37,button,Aplicar modelo à empresa,,POST,,data-busy-label=Aplicando…,inventariado; execucao pendente,,,,,,,,
src/apps/hub/templates/hub/activity_models.html,40,summary,3 Gerar uma competência {% if ready_generation_count == 1 %}1 atribuição mensal será considerada{% else %}{{ ready_generation_count }} atribuições mensais serão consideradas{% endi,,,,,inventariado; execucao pendente,,,,,,,,
src/apps/hub/templates/hub/activity_models.html,40,form,{% csrf_token %} {% if generation_form.errors %} Informe uma competência válida. {% endif %}{% for field in generation_form %} {{ field.label }} {{ field }}{% for error in field.er,,POST,,,inventariado; execucao pendente,,,,,,,,
src/apps/hub/templates/hub/activity_models.html,41,button,Gerar atividades da competência,,POST,,data-busy-label=Gerando…,inventariado; execucao pendente,,,,,,,,
src/apps/hub/templates/hub/activity_models.html,46,form,{% csrf_token %} {% if assignment.active %}Pausar para esta empresa{% else %}Retomar para esta empresa{% endif %} — {{ assignment.template.title }} para {{ assignment.company.name ,,POST,,,inventariado; execucao pendente,,,,,,,,
src/apps/hub/templates/hub/activity_models.html,46,button,{% if assignment.active %}Pausar para esta empresa{% else %}Retomar para esta empresa{% endif %} — {{ assignment.template.title }} para {{ assignment.company.name }},,POST,,data-busy-label=Salvando…,inventariado; execucao pendente,,,,,,,,
src/apps/hub/templates/hub/activity_models.html,47,a,Anterior,,,?{% if assignment_querystring %}{{ assignment_querystring }}&{% endif %}assignments_page={{ activity_assignment_page.previous_page_number }}#assignment-library,,inventariado; execucao pendente,,,,,,,,
src/apps/hub/templates/hub/activity_models.html,47,a,Próxima,,,?{% if assignment_querystring %}{{ assignment_querystring }}&{% endif %}assignments_page={{ activity_assignment_page.next_page_number }}#assignment-library,,inventariado; execucao pendente,,,,,,,,
src/apps/hub/templates/hub/activity_models.html,48,a,Aplicar modelo,,,#assignment-step,,inventariado; execucao pendente,,,,,,,,
src/apps/hub/templates/hub/auth_base.html,18,a,Pular para o conteúdo,,,#conteudo,,inventariado; execucao pendente,,,,,,,,
src/apps/hub/templates/hub/auth_base.html,19,a,{% include 'hub/partials/brand_lockup.html' %},,,{% url 'hub:home' %},,inventariado; execucao pendente,,,,,,,,
src/apps/hub/templates/hub/auth_base.html,19,a,Voltar ao site ↗,,,{% url 'hub:home' %},,inventariado; execucao pendente,,,,,,,,
src/apps/hub/templates/hub/auth_base.html,24,a,Termos de Uso,,,{% url 'hub:legal' document='termos' %},,inventariado; execucao pendente,,,,,,,,
src/apps/hub/templates/hub/auth_base.html,24,a,Privacidade,,,{% url 'hub:legal' document='privacidade' %},,inventariado; execucao pendente,,,,,,,,
src/apps/hub/templates/hub/auth_fields.html,4,a,{{ field.label }},,,#{{ field.id_for_label }},,inventariado; execucao pendente,,,,,,,,
src/apps/hub/templates/hub/auth_fields.html,10,button,Mostrar,,,,data-password-toggle={{ field.id_for_label }} aria-controls={{ field.id_for_label }},inventariado; execucao pendente,,,,,,,,
src/apps/hub/templates/hub/base.html,23,a,Pular para o conteúdo,,,#conteudo,,inventariado; execucao pendente,,,,,,,,
src/apps/hub/templates/hub/certificates.html,4,button,{% if demo_certificate_mode %}Simular certificado{% else %}Importar certificados{% endif %},,,,data-modal-open=certificate-dialog,inventariado; execucao pendente,,,,,,,,
src/apps/hub/templates/hub/certificates.html,13,a,Ver empresas,,,?status=all#certificados-cadastrados,,inventariado; execucao pendente,,,,,,,,
src/apps/hub/templates/hub/certificates.html,14,a,Ver pendências,,,#empresas-sem-certificado,,inventariado; execucao pendente,,,,,,,,
src/apps/hub/templates/hub/certificates.html,15,a,Ver vencimentos,,,?status=expiring#certificados-cadastrados,,inventariado; execucao pendente,,,,,,,,
src/apps/hub/templates/hub/certificates.html,16,a,Tratar pendências,,,?status=attention#certificados-cadastrados,,inventariado; execucao pendente,,,,,,,,
src/apps/hub/templates/hub/certificates.html,25,button,Selecionar novamente,,,,data-modal-open=certificate-dialog,inventariado; execucao pendente,,,,,,,,
src/apps/hub/templates/hub/certificates.html,27,summary,Ver resultado arquivo por arquivo ({{ certificate_import_results|length }}),,,,,inventariado; execucao pendente,,,,,,,,
src/apps/hub/templates/hub/certificates.html,42,a,Abrir empresa {{ company.name }},,,{% url 'hub:company-detail' company.id %},,inventariado; execucao pendente,,,,,,,,
src/apps/hub/templates/hub/certificates.html,42,a,Anterior,,,?{% if missing_certificate_query_without_page %}{{ missing_certificate_query_without_page }}&{% endif %}missing_page={{ missing_certificate_page.previous_page_number }}#empresas-sem-certificado,,inventariado; execucao pendente,,,,,,,,
src/apps/hub/templates/hub/certificates.html,42,a,Próxima,,,?{% if missing_certificate_query_without_page %}{{ missing_certificate_query_without_page }}&{% endif %}missing_page={{ missing_certificate_page.next_page_number }}#empresas-sem-certificado,,inventariado; execucao pendente,,,,,,,,
src/apps/hub/templates/hub/certificates.html,50,form,"Empresa, CNPJ, código Domínio ou identificação Situação Todos Exigem atenção Vencem em até 30 dias Vencidos Revogados Sem validade informada Válidos por mais de 30 dias Pesquisar c",,GET,,,inventariado; execucao pendente,,,,,,,,
src/apps/hub/templates/hub/certificates.html,51,input:search,{{ certificate_search }},certificate-search,GET,,,inventariado; execucao pendente,,,,,,,,
src/apps/hub/templates/hub/certificates.html,52,select,Todos Exigem atenção Vencem em até 30 dias Vencidos Revogados Sem validade informada Válidos por mais de 30 dias,certificate-status,GET,,,inventariado; execucao pendente,,,,,,,,
src/apps/hub/templates/hub/certificates.html,53,button,Pesquisar carteira,,GET,,,inventariado; execucao pendente,,,,,,,,
src/apps/hub/templates/hub/certificates.html,54,a,Limpar filtros,,GET,{% url 'hub:certificates' %}#certificados-cadastrados,,inventariado; execucao pendente,,,,,,,,
src/apps/hub/templates/hub/certificates.html,57,a,Abrir empresa {{ certificate.company.name }},,,{% url 'hub:company-detail' certificate.company.id %},,inventariado; execucao pendente,,,,,,,,
src/apps/hub/templates/hub/certificates.html,58,a,Anterior,,,?page={{ certificate_page.previous_page_number }}&{{ certificate_query_without_page }},,inventariado; execucao pendente,,,,,,,,
src/apps/hub/templates/hub/certificates.html,58,a,Próxima,,,?page={{ certificate_page.next_page_number }}&{{ certificate_query_without_page }},,inventariado; execucao pendente,,,,,,,,
src/apps/hub/templates/hub/certificates.html,60,a,Ver todos,,,{% url 'hub:certificates' %}?status=all#certificados-cadastrados,,inventariado; execucao pendente,,,,,,,,
src/apps/hub/templates/hub/certificates.html,67,button,×,,,,data-modal-close=,inventariado; execucao pendente,,,,,,,,
src/apps/hub/templates/hub/certificates.html,69,form,{% csrf_token %} i Não envie um certificado real Esta ação só altera a sua sessão de demonstração. Nenhum PFX ou senha será solicitado. Empresa sem certificado válido Escolha uma e,,POST,,,inventariado; execucao pendente,,,,,,,,
src/apps/hub/templates/hub/certificates.html,69,select,Escolha uma empresa {% for company in missing_certificate_companies %} {{ company.name }}{% if company.dominio_code %} · Domínio {{ company.dominio_code }}{% endif %} {% endfor %},demo-certificate-company,POST,,,inventariado; execucao pendente,,,,,,,,
src/apps/hub/templates/hub/certificates.html,69,button,Registrar resultado fictício,,POST,,,inventariado; execucao pendente,,,,,,,,
src/apps/hub/templates/hub/certificates.html,69,button,Cancelar,,POST,,data-modal-close=,inventariado; execucao pendente,,,,,,,,
src/apps/hub/templates/hub/certificates.html,72,form,{% csrf_token %} {% if form.errors %} Revise os campos marcados.{{ form.non_field_errors }} {% endif %} Arraste os certificados para cá ou clique para selecionar arquivos .pfx e .p,,POST,,data-certificate-import-form=,inventariado; execucao pendente,,,,,,,,
src/apps/hub/templates/hub/certificates.html,84,button,Mostrar,,POST,,data-password-toggle={{ form.common_password.id_for_label }},inventariado; execucao pendente,,,,,,,,
src/apps/hub/templates/hub/certificates.html,86,summary,Cada arquivo usa uma senha diferente?,,POST,,,inventariado; execucao pendente,,,,,,,,
src/apps/hub/templates/hub/certificates.html,90,button,Cancelar fila,,POST,,data-certificate-queue-cancel=,inventariado; execucao pendente,,,,,,,,
src/apps/hub/templates/hub/certificates.html,94,input:password,Senha,certificate-retry-password,POST,,data-certificate-retry-password=,inventariado; execucao pendente,,,,,,,,
src/apps/hub/templates/hub/certificates.html,94,button,Mostrar,,POST,,data-password-toggle=certificate-retry-password,inventariado; execucao pendente,,,,,,,,
src/apps/hub/templates/hub/certificates.html,96,button,Tentar novamente,,POST,,data-certificate-retry-submit=,inventariado; execucao pendente,,,,,,,,
src/apps/hub/templates/hub/certificates.html,96,button,Pular,,POST,,data-certificate-retry-skip=,inventariado; execucao pendente,,,,,,,,
src/apps/hub/templates/hub/certificates.html,101,button,Importar e vincular,,POST,,,inventariado; execucao pendente,,,,,,,,
src/apps/hub/templates/hub/certificates.html,101,button,Cancelar,,POST,,data-modal-close=,inventariado; execucao pendente,,,,,,,,
src/apps/hub/templates/hub/cica_motion.html,9,button,NFS-e,demo-tab-nfse,,,data-demo-nav=nfse aria-controls=demo-panel-nfse,inventariado; execucao pendente,,,,,,,,
src/apps/hub/templates/hub/cica_motion.html,10,button,Guias,demo-tab-guides,,,data-demo-nav=guides aria-controls=demo-panel-guides,inventariado; execucao pendente,,,,,,,,
src/apps/hub/templates/hub/cica_motion.html,11,button,Integra,demo-tab-integra,,,data-demo-nav=integra aria-controls=demo-panel-integra,inventariado; execucao pendente,,,,,,,,
src/apps/hub/templates/hub/cica_motion.html,12,button,OFX,demo-tab-reconciliation,,,data-demo-nav=reconciliation aria-controls=demo-panel-reconciliation,inventariado; execucao pendente,,,,,,,,
src/apps/hub/templates/hub/cica_motion.html,13,button,Radar,demo-tab-reform,,,data-demo-nav=reform aria-controls=demo-panel-reform,inventariado; execucao pendente,,,,,,,,
src/apps/hub/templates/hub/cica_motion.html,14,button,Triagem,demo-tab-triage,,,data-demo-nav=triage aria-controls=demo-panel-triage,inventariado; execucao pendente,,,,,,,,
src/apps/hub/templates/hub/companies.html,3,button,Adicionar empresa,,,,data-modal-open=company-dialog,inventariado; execucao pendente,,,,,,,,
src/apps/hub/templates/hub/companies.html,18,a,Limpar filtros,,,{% url 'hub:companies' %},,inventariado; execucao pendente,,,,,,,,
src/apps/hub/templates/hub/companies.html,21,a,{{ item.label }} {{ item.count }},,,{{ item.url }},,inventariado; execucao pendente,,,,,,,,
src/apps/hub/templates/hub/companies.html,24,form,{% if filters.prioridade %} {% endif %} Buscar empresa Refinar{% if filters.situacao or filters.vinculo or filters.certificado or filters.pendencia or filters.regime %} filtros ati,,GET,,data-auto-filter=,inventariado; execucao pendente,,,,,,,,
src/apps/hub/templates/hub/companies.html,29,input:search,{{ filters.q }},filtro-busca,GET,,,inventariado; execucao pendente,,,,,,,,
src/apps/hub/templates/hub/companies.html,32,summary,Refinar{% if filters.situacao or filters.vinculo or filters.certificado or filters.pendencia or filters.regime %} filtros ativos {% endif %},,GET,,,inventariado; execucao pendente,,,,,,,,
src/apps/hub/templates/hub/companies.html,34,select,"Todos {% for value, label in tax_regimes %} {{ label }} {% endfor %} Não informado",filtro-regime,GET,,,inventariado; execucao pendente,,,,,,,,
src/apps/hub/templates/hub/companies.html,35,select,Todas Em operação Pausada,filtro-situacao,GET,,,inventariado; execucao pendente,,,,,,,,
src/apps/hub/templates/hub/companies.html,36,select,Todos Com código Sem código,filtro-vinculo,GET,,,inventariado; execucao pendente,,,,,,,,
src/apps/hub/templates/hub/companies.html,37,select,Todos Válido por mais de 30 dias Vence em 30 dias Sem A1 válido,filtro-certificado,GET,,,inventariado; execucao pendente,,,,,,,,
src/apps/hub/templates/hub/companies.html,38,select,Todas Com revisão aberta Sem revisão aberta,filtro-pendencia,GET,,,inventariado; execucao pendente,,,,,,,,
src/apps/hub/templates/hub/companies.html,42,button,Pesquisar,,GET,,,inventariado; execucao pendente,,,,,,,,
src/apps/hub/templates/hub/companies.html,43,a,Limpar,,GET,{% url 'hub:companies' %},data-filter-clear=,inventariado; execucao pendente,,,,,,,,
src/apps/hub/templates/hub/companies.html,52,a,{{ company.name }},,,{% url 'hub:company-detail' company.id %}?return_to={{ request.get_full_path|urlencode }},,inventariado; execucao pendente,,,,,,,,
src/apps/hub/templates/hub/companies.html,62,a,Revisar NFS-e de {{ company.name }},,,{% url 'hub:nfse-center' %}?status=unclassified&company={{ company.id }},,inventariado; execucao pendente,,,,,,,,
src/apps/hub/templates/hub/companies.html,62,a,Ver vencimento de {{ company.name }},,,{% url 'hub:certificates' %}?status=expiring#certificados-cadastrados,,inventariado; execucao pendente,,,,,,,,
src/apps/hub/templates/hub/companies.html,62,a,Ver certificados de {{ company.name }},,,{% url 'hub:certificates' %}#empresas-sem-certificado,,inventariado; execucao pendente,,,,,,,,
src/apps/hub/templates/hub/companies.html,62,a,Abrir ficha de {{ company.name }},,,{% url 'hub:company-detail' company.id %}?return_to={{ request.get_full_path|urlencode }},,inventariado; execucao pendente,,,,,,,,
src/apps/hub/templates/hub/companies.html,68,a,Anterior,,,?pagina={{ page_obj.previous_page_number }}{% if query_without_page %}&{{ query_without_page }}{% endif %},,inventariado; execucao pendente,,,,,,,,
src/apps/hub/templates/hub/companies.html,70,a,Próxima,,,?pagina={{ page_obj.next_page_number }}{% if query_without_page %}&{{ query_without_page }}{% endif %},,inventariado; execucao pendente,,,,,,,,
src/apps/hub/templates/hub/companies.html,76,button,Adicionar empresa,,,,data-modal-open=company-dialog,inventariado; execucao pendente,,,,,,,,
src/apps/hub/templates/hub/companies.html,82,button,×,,,,data-modal-close=,inventariado; execucao pendente,,,,,,,,
src/apps/hub/templates/hub/companies.html,83,form,{% csrf_token %}{% if form.errors %} Confira os campos indicados antes de salvar.{% if form.non_field_errors %} {{ form.non_field_errors|striptags }}{% endif %} {% endif %}{% for f,,POST,,,inventariado; execucao pendente,,,,,,,,
src/apps/hub/templates/hub/companies.html,83,button,Salvar empresa,,POST,,,inventariado; execucao pendente,,,,,,,,
src/apps/hub/templates/hub/companies.html,83,button,Cancelar,,POST,,data-modal-close=,inventariado; execucao pendente,,,,,,,,
src/apps/hub/templates/hub/company_detail.html,8,a,Voltar às empresas,,,{% back_url 'hub:companies' %},,inventariado; execucao pendente,,,,,,,,
src/apps/hub/templates/hub/company_detail.html,9,button,Editar cadastro,,,,data-modal-open=company-edit-dialog,inventariado; execucao pendente,,,,,,,,
src/apps/hub/templates/hub/company_detail.html,30,button,{{ next_action.label }},,,,data-modal-open=company-edit-dialog,inventariado; execucao pendente,,,,,,,,
src/apps/hub/templates/hub/company_detail.html,32,a,{{ next_action.label }},,,{{ next_action.url }},data-open-details{%=,inventariado; execucao pendente,,,,,,,,
src/apps/hub/templates/hub/company_detail.html,39,button,Editar dados,,,,data-modal-open=company-edit-dialog,inventariado; execucao pendente,,,,,,,,
src/apps/hub/templates/hub/company_detail.html,42,a,{{ company.contact_email }},,,mailto:{{ company.contact_email }},,inventariado; execucao pendente,,,,,,,,
src/apps/hub/templates/hub/company_detail.html,42,a,{{ company.contact_phone }},,,tel:{{ company.contact_phone }},,inventariado; execucao pendente,,,,,,,,
src/apps/hub/templates/hub/company_detail.html,43,button,Editar perfil,,,,data-modal-open=company-profile-dialog,inventariado; execucao pendente,,,,,,,,
src/apps/hub/templates/hub/company_detail.html,49,a,Trabalho {{ open_activity_count }} em aberto,,,#atividades,data-open-details=,inventariado; execucao pendente,,,,,,,,
src/apps/hub/templates/hub/company_detail.html,50,a,NFS-e {{ document_count }} {{ open_cases_count }} em revisão,,,#documentos-nfse,data-open-details=,inventariado; execucao pendente,,,,,,,,
src/apps/hub/templates/hub/company_detail.html,51,a,Folha {{ payroll_snapshots_total }} fontes,,,#folha,data-open-details=,inventariado; execucao pendente,,,,,,,,
src/apps/hub/templates/hub/company_detail.html,52,a,Financeiro {{ accounting_snapshots_count|add:cash_scenarios_count }} fotografias,,,#relatorios-financeiros,data-open-details=,inventariado; execucao pendente,,,,,,,,
src/apps/hub/templates/hub/company_detail.html,53,a,Triagem {{ triage_items_count }} documentos,,,#triagem,data-open-details=,inventariado; execucao pendente,,,,,,,,
src/apps/hub/templates/hub/company_detail.html,54,a,DTE {{ dte_messages_count }} mensagens,,,#caixa-dte,data-open-details=,inventariado; execucao pendente,,,,,,,,
src/apps/hub/templates/hub/company_detail.html,58,summary,Trabalho e fechamento {{ open_activity_count }} em aberto · {{ activities_count }} no total,,,,,inventariado; execucao pendente,,,,,,,,
src/apps/hub/templates/hub/company_detail.html,68,a,Abrir {{ activity.title }},,,{% url 'hub:activity-detail' activity.id %},,inventariado; execucao pendente,,,,,,,,
src/apps/hub/templates/hub/company_detail.html,70,a,Ver todas as atividades,,,{% url 'hub:activities' %}?company={{ company.id }},,inventariado; execucao pendente,,,,,,,,
src/apps/hub/templates/hub/company_detail.html,71,a,Anterior,,,?{% if activities_querystring %}{{ activities_querystring }}&{% endif %}activities_page={{ activities_page.previous_page_number }}#atividades,,inventariado; execucao pendente,,,,,,,,
src/apps/hub/templates/hub/company_detail.html,71,a,Próxima,,,?{% if activities_querystring %}{{ activities_querystring }}&{% endif %}activities_page={{ activities_page.next_page_number }}#atividades,,inventariado; execucao pendente,,,,,,,,
src/apps/hub/templates/hub/company_detail.html,73,a,Abrir a central operacional,,,{% url 'hub:activities' %}?company={{ company.id }},,inventariado; execucao pendente,,,,,,,,
src/apps/hub/templates/hub/company_detail.html,78,summary,Conferência da folha {{ payroll_snapshots_total }} fonte{{ payroll_snapshots_total|pluralize }},,,,,inventariado; execucao pendente,,,,,,,,
src/apps/hub/templates/hub/company_detail.html,86,a,Voltar à atividade da folha,,,{% url 'hub:activity-detail' payroll_review_activity.pk %},,inventariado; execucao pendente,,,,,,,,
src/apps/hub/templates/hub/company_detail.html,87,a,Ver todas as competências,,,{% url 'hub:company-detail' company.pk %}#folha,,inventariado; execucao pendente,,,,,,,,
src/apps/hub/templates/hub/company_detail.html,95,a,Conferir competência {{ snapshot.competence|date:'m/Y' }},,,{{ row.compare_url }},,inventariado; execucao pendente,,,,,,,,
src/apps/hub/templates/hub/company_detail.html,97,a,Anterior,,,?{% if payroll_querystring %}{{ payroll_querystring }}&{% endif %}payroll_page={{ payroll_snapshots_page.previous_page_number }}#folha,,inventariado; execucao pendente,,,,,,,,
src/apps/hub/templates/hub/company_detail.html,97,a,Próxima,,,?{% if payroll_querystring %}{{ payroll_querystring }}&{% endif %}payroll_page={{ payroll_snapshots_page.next_page_number }}#folha,,inventariado; execucao pendente,,,,,,,,
src/apps/hub/templates/hub/company_detail.html,98,a,Importar outra fonte,,,{% url 'hub:setup' %}#importacao,,inventariado; execucao pendente,,,,,,,,
src/apps/hub/templates/hub/company_detail.html,100,a,Importar resumo da folha,,,{% url 'hub:setup' %}#importacao,,inventariado; execucao pendente,,,,,,,,
src/apps/hub/templates/hub/company_detail.html,107,form,{% if payroll_period %} {% endif %} {% if payroll_comparison_form.errors %} Revise as fontes escolhidas. {% for field in payroll_comparison_form %}{% if field.errors %} {{ field.la,,GET,,data-payroll-comparison-form=,inventariado; execucao pendente,,,,,,,,
src/apps/hub/templates/hub/company_detail.html,109,a,{{ field.label }},,GET,#{{ field.id_for_label }},,inventariado; execucao pendente,,,,,,,,
src/apps/hub/templates/hub/company_detail.html,111,button,Conferir diferenças,,GET,,,inventariado; execucao pendente,,,,,,,,
src/apps/hub/templates/hub/company_detail.html,117,a,Abrir atividades de {{ payroll_comparison_competence|date:'m/Y' }},,,{% url 'hub:activities' %}?company={{ company.id }}&area=payroll&competence={{ payroll_comparison_competence|date:'Y-m' }},,inventariado; execucao pendente,,,,,,,,
src/apps/hub/templates/hub/company_detail.html,124,summary,Relatórios financeiros {% with total=accounting_snapshots_count|add:cash_scenarios_count %} {{ total }} {% if total == 1 %}fotografia disponível{% else %}fotografias disponíveis{% ,,,,,inventariado; execucao pendente,,,,,,,,
src/apps/hub/templates/hub/company_detail.html,136,a,Baixar {{ export.get_export_format_display }} {{ export.get_resource_display }},,,{% url 'hub:financial-report-export-download' export.id %},,inventariado; execucao pendente,,,,,,,,
src/apps/hub/templates/hub/company_detail.html,150,form,"{% csrf_token %} PDF da DRE {{ snapshot.competence|date:""m/Y"" }}",,POST,{% url 'hub:company-financial-report' company.id 'dre' snapshot.id 'pdf' %},,inventariado; execucao pendente,,,,,,,,
src/apps/hub/templates/hub/company_detail.html,150,button,"PDF da DRE {{ snapshot.competence|date:""m/Y"" }}",,POST,{% url 'hub:company-financial-report' company.id 'dre' snapshot.id 'pdf' %},,inventariado; execucao pendente,,,,,,,,
src/apps/hub/templates/hub/company_detail.html,150,form,"{% csrf_token %} XLSX da DRE {{ snapshot.competence|date:""m/Y"" }}",,POST,{% url 'hub:company-financial-report' company.id 'dre' snapshot.id 'xlsx' %},,inventariado; execucao pendente,,,,,,,,
src/apps/hub/templates/hub/company_detail.html,150,button,"XLSX da DRE {{ snapshot.competence|date:""m/Y"" }}",,POST,{% url 'hub:company-financial-report' company.id 'dre' snapshot.id 'xlsx' %},,inventariado; execucao pendente,,,,,,,,
src/apps/hub/templates/hub/company_detail.html,163,form,{% csrf_token %} PDF do cenário {{ scenario.label }},,POST,{% url 'hub:company-financial-report' company.id 'cash' scenario.id 'pdf' %},,inventariado; execucao pendente,,,,,,,,
src/apps/hub/templates/hub/company_detail.html,163,button,PDF do cenário {{ scenario.label }},,POST,{% url 'hub:company-financial-report' company.id 'cash' scenario.id 'pdf' %},,inventariado; execucao pendente,,,,,,,,
src/apps/hub/templates/hub/company_detail.html,163,form,{% csrf_token %} XLSX do cenário {{ scenario.label }},,POST,{% url 'hub:company-financial-report' company.id 'cash' scenario.id 'xlsx' %},,inventariado; execucao pendente,,,,,,,,
src/apps/hub/templates/hub/company_detail.html,163,button,XLSX do cenário {{ scenario.label }},,POST,{% url 'hub:company-financial-report' company.id 'cash' scenario.id 'xlsx' %},,inventariado; execucao pendente,,,,,,,,
src/apps/hub/templates/hub/company_detail.html,173,summary,Documentos em triagem {{ triage_items_count }} no total,,,,,inventariado; execucao pendente,,,,,,,,
src/apps/hub/templates/hub/company_detail.html,183,a,Abrir {{ item.original_name }},,,{% url 'hub:triage-item' item.id %},,inventariado; execucao pendente,,,,,,,,
src/apps/hub/templates/hub/company_detail.html,185,a,Anterior,,,?{% if triage_items_querystring %}{{ triage_items_querystring }}&{% endif %}triage_page={{ triage_items_page.previous_page_number }}#triagem,,inventariado; execucao pendente,,,,,,,,
src/apps/hub/templates/hub/company_detail.html,185,a,Próxima,,,?{% if triage_items_querystring %}{{ triage_items_querystring }}&{% endif %}triage_page={{ triage_items_page.next_page_number }}#triagem,,inventariado; execucao pendente,,,,,,,,
src/apps/hub/templates/hub/company_detail.html,187,a,Abrir triagem,,,{% url 'hub:triage' %},,inventariado; execucao pendente,,,,,,,,
src/apps/hub/templates/hub/company_detail.html,192,summary,NFS-e e certificado {{ document_count }} notas · {{ open_cases_count }} em revisão,,,,,inventariado; execucao pendente,,,,,,,,
src/apps/hub/templates/hub/company_detail.html,207,a,Anterior,,,?{% if document_querystring %}{{ document_querystring }}&{% endif %}documents_page={{ document_page.previous_page_number }}#documentos-nfse,,inventariado; execucao pendente,,,,,,,,
src/apps/hub/templates/hub/company_detail.html,207,a,Próxima,,,?{% if document_querystring %}{{ document_querystring }}&{% endif %}documents_page={{ document_page.next_page_number }}#documentos-nfse,,inventariado; execucao pendente,,,,,,,,
src/apps/hub/templates/hub/company_detail.html,209,a,Ver certificados,,,{% url 'hub:certificates' %},,inventariado; execucao pendente,,,,,,,,
src/apps/hub/templates/hub/company_detail.html,223,a,Classificar na lista,,,{% url 'hub:nfse-center' %}?status=unclassified&company={{ company.id }},,inventariado; execucao pendente,,,,,,,,
src/apps/hub/templates/hub/company_detail.html,224,a,Anterior,,,?{% if open_cases_querystring %}{{ open_cases_querystring }}&{% endif %}reviews_page={{ open_cases_page.previous_page_number }}#revisoes-abertas,,inventariado; execucao pendente,,,,,,,,
src/apps/hub/templates/hub/company_detail.html,224,a,Próxima,,,?{% if open_cases_querystring %}{{ open_cases_querystring }}&{% endif %}reviews_page={{ open_cases_page.next_page_number }}#revisoes-abertas,,inventariado; execucao pendente,,,,,,,,
src/apps/hub/templates/hub/company_detail.html,242,a,Enviar certificado,,,{% url 'hub:certificates' %},,inventariado; execucao pendente,,,,,,,,
src/apps/hub/templates/hub/company_detail.html,248,summary,Caixa postal (DTE) Comunicados e situação de leitura. {{ dte_messages_count }} no total,,,,,inventariado; execucao pendente,,,,,,,,
src/apps/hub/templates/hub/company_detail.html,258,a,Anterior,,,?{% if dte_messages_querystring %}{{ dte_messages_querystring }}&{% endif %}dte_page={{ dte_messages_page.previous_page_number }}#caixa-dte,,inventariado; execucao pendente,,,,,,,,
src/apps/hub/templates/hub/company_detail.html,258,a,Próxima,,,?{% if dte_messages_querystring %}{{ dte_messages_querystring }}&{% endif %}dte_page={{ dte_messages_page.next_page_number }}#caixa-dte,,inventariado; execucao pendente,,,,,,,,
src/apps/hub/templates/hub/company_detail.html,260,a,Abrir central DTE,,,{% url 'hub:dte-center' %},,inventariado; execucao pendente,,,,,,,,
src/apps/hub/templates/hub/company_detail.html,271,a,Abrir análise,,,{% url 'profitability:client-detail' company.id %}?competencia={{ profitability_competencia|urlencode }},,inventariado; execucao pendente,,,,,,,,
src/apps/hub/templates/hub/company_detail.html,315,button,×,,,,data-modal-close=,inventariado; execucao pendente,,,,,,,,
src/apps/hub/templates/hub/company_detail.html,316,form,{% csrf_token %} {% if profile_form.errors %} Confira os campos indicados antes de salvar. {% endif %} {% for field in profile_form %} {{ field.label }} {{ field }}{% for error in ,,POST,,,inventariado; execucao pendente,,,,,,,,
src/apps/hub/templates/hub/company_detail.html,320,button,Salvar perfil,,POST,,data-busy-label=Salvando…,inventariado; execucao pendente,,,,,,,,
src/apps/hub/templates/hub/company_detail.html,320,button,Cancelar,,POST,,data-modal-close=,inventariado; execucao pendente,,,,,,,,
src/apps/hub/templates/hub/company_detail.html,326,button,×,,,,data-modal-close=,inventariado; execucao pendente,,,,,,,,
src/apps/hub/templates/hub/company_detail.html,327,form,{% csrf_token %} {% if company_form.errors %} Confira os campos indicados antes de salvar.{% if company_form.non_field_errors %} {{ company_form.non_field_errors|striptags }}{% end,,POST,,,inventariado; execucao pendente,,,,,,,,
src/apps/hub/templates/hub/company_detail.html,331,button,Salvar alterações,,POST,,data-busy-label=Salvando…,inventariado; execucao pendente,,,,,,,,
src/apps/hub/templates/hub/company_detail.html,331,button,Cancelar,,POST,,data-modal-close=,inventariado; execucao pendente,,,,,,,,
src/apps/hub/templates/hub/csrf_failure.html,9,a,Voltar e tentar novamente,,,{{ retry_url }},,inventariado; execucao pendente,,,,,,,,
src/apps/hub/templates/hub/dashboard.html,10,a,{{ dashboard_summary_action }} →,,,{{ dashboard_summary_url }},,inventariado; execucao pendente,,,,,,,,
src/apps/hub/templates/hub/dashboard.html,14,a,Meu trabalho,,,?view=mine&closing_month={{ closing_month }}&closing_page={{ closing_page.number }},,inventariado; execucao pendente,,,,,,,,
src/apps/hub/templates/hub/dashboard.html,17,a,Carteira,,,?view=portfolio&closing_month={{ closing_month }}&closing_page={{ closing_page.number }},,inventariado; execucao pendente,,,,,,,,
src/apps/hub/templates/hub/dashboard.html,21,a,Gestão,,,?view=management&closing_month={{ closing_month }}&closing_page={{ closing_page.number }},,inventariado; execucao pendente,,,,,,,,
src/apps/hub/templates/hub/dashboard.html,37,a,{{ item.label }} {{ item.count }} {% if item.selected %}Filtrando a fila{% else %}Filtrar a fila{% endif %},,,{{ item.url }}&closing_month={{ closing_month }}&closing_page={{ closing_page.number }},,inventariado; execucao pendente,,,,,,,,
src/apps/hub/templates/hub/dashboard.html,47,a,{{ item.label }} {{ item.count }} {% if item.selected %}Filtrando a fila{% else %}Filtrar a fila{% endif %},,,{{ item.url }}&closing_month={{ closing_month }}&closing_page={{ closing_page.number }},,inventariado; execucao pendente,,,,,,,,
src/apps/hub/templates/hub/dashboard.html,59,a,{{ unassigned_activity_count }} sem responsável,,,{% url 'hub:activities' %}?unassigned=1,,inventariado; execucao pendente,,,,,,,,
src/apps/hub/templates/hub/dashboard.html,61,a,{{ membership.user.full_name|default:membership.user.email }},,,{% url 'hub:activities' %}?assignee={{ membership.user.id }},,inventariado; execucao pendente,,,,,,,,
src/apps/hub/templates/hub/dashboard.html,68,a,Limpar filtro ×,,,?view={{ dashboard_view }}&closing_month={{ closing_month }}&closing_page={{ closing_page.number }},,inventariado; execucao pendente,,,,,,,,
src/apps/hub/templates/hub/dashboard.html,68,a,Abrir central de atividades →,,,{% url 'hub:activities' %},,inventariado; execucao pendente,,,,,,,,
src/apps/hub/templates/hub/dashboard.html,74,a,{{ activity.title }} {{ activity.company.name }} · {{ activity.get_area_display }}{% if activity.competence %} · {{ activity.competence|date:'m/Y' }}{% endif %} {% if dashboard_vie,,,{% url 'hub:activity-detail' activity.id %},,inventariado; execucao pendente,,,,,,,,
src/apps/hub/templates/hub/dashboard.html,87,a,{{ dashboard_summary_action }},,,{{ dashboard_summary_url }},,inventariado; execucao pendente,,,,,,,,
src/apps/hub/templates/hub/dashboard.html,90,a,Anterior,,,?view={{ dashboard_view }}&filter={{ selected_agenda_filter }}&page={{ agenda_page.previous_page_number }}&closing_month={{ closing_month }}&closing_page={{ closing_page.number }},,inventariado; execucao pendente,,,,,,,,
src/apps/hub/templates/hub/dashboard.html,90,a,Próxima,,,?view={{ dashboard_view }}&filter={{ selected_agenda_filter }}&page={{ agenda_page.next_page_number }}&closing_month={{ closing_month }}&closing_page={{ closing_page.number }},,inventariado; execucao pendente,,,,,,,,
src/apps/hub/templates/hub/dashboard.html,93,a,{{ area.label }} {{ area.note }} {{ area.count }} pendência{{ area.count|pluralize }},,,{{ area.url }},,inventariado; execucao pendente,,,,,,,,
src/apps/hub/templates/hub/dashboard.html,94,a,Abrir Copiloto,,,{% url 'intelligence:assistant' %},,inventariado; execucao pendente,,,,,,,,
src/apps/hub/templates/hub/dashboard.html,95,a,Classificar notas →,,,{% url 'hub:nfse-center' %}?status=unclassified,,inventariado; execucao pendente,,,,,,,,
src/apps/hub/templates/hub/dashboard.html,95,a,Classificar {{ case.document.company.name }},,,{% url 'hub:nfse-center' %}?status=unclassified&q={{ case.document.company.name|urlencode }},,inventariado; execucao pendente,,,,,,,,
src/apps/hub/templates/hub/dctfweb_bulk.html,4,a,Voltar à carteira,,,{% url 'hub:guides' %},,inventariado; execucao pendente,,,,,,,,
src/apps/hub/templates/hub/dctfweb_bulk.html,20,form,"{% csrf_token %} {% for company, competence in bulk_targets %} {% endfor %} {% if office.is_demo %}Confirmar simulação{% else %}Autorizar {{ bulk_quote.total_tokens }} tokens{% end",,POST,{% url 'hub:dctfweb-bulk-consult' %},,inventariado; execucao pendente,,,,,,,,
src/apps/hub/templates/hub/dctfweb_bulk.html,20,button,{% if office.is_demo %}Confirmar simulação{% else %}Autorizar {{ bulk_quote.total_tokens }} tokens{% endif %},,POST,{% url 'hub:dctfweb-bulk-consult' %},data-busy-label=Confirmando…,inventariado; execucao pendente,,,,,,,,
src/apps/hub/templates/hub/dctfweb_bulk.html,20,a,Cancelar,,POST,{% url 'hub:guides' %},,inventariado; execucao pendente,,,,,,,,
src/apps/hub/templates/hub/dctfweb_consult.html,4,a,Voltar à carteira,,,{% url 'hub:guides' %},,inventariado; execucao pendente,,,,,,,,
src/apps/hub/templates/hub/dctfweb_consult.html,42,a,Baixar {{ card.label|lower }} em PDF,,,{% url 'hub:dctfweb-document-pdf' card.document.id %},,inventariado; execucao pendente,,,,,,,,
src/apps/hub/templates/hub/dctfweb_consult.html,45,a,Atualizar situação,,,{% url 'hub:dctfweb-consult' %}?company={{ consult_company.id }}&competence={{ consult_competence|urlencode }},,inventariado; execucao pendente,,,,,,,,
src/apps/hub/templates/hub/dctfweb_consult.html,48,summary,Referência para suporte,,,,,inventariado; execucao pendente,,,,,,,,
src/apps/hub/templates/hub/dctfweb_consult.html,60,form,{% csrf_token %} {% if office.is_demo %}Simular {{ card.label|lower }}{% elif card.document.status == 'failed' %}Confirmar nova consulta{% else %}Confirmar consulta{% endif %},,POST,,,inventariado; execucao pendente,,,,,,,,
src/apps/hub/templates/hub/dctfweb_consult.html,66,button,{% if office.is_demo %}Simular {{ card.label|lower }}{% elif card.document.status == 'failed' %}Confirmar nova consulta{% else %}Confirmar consulta{% endif %},,POST,,data-busy-label=Enviando…,inventariado; execucao pendente,,,,,,,,
src/apps/hub/templates/hub/dctfweb_consult.html,84,a,Abrir emissão,,,{% url 'hub:guide-detail' prepared_guide.id %},,inventariado; execucao pendente,,,,,,,,
src/apps/hub/templates/hub/dctfweb_consult.html,85,form,{% csrf_token %} Conferir provas e preparar emissão,,POST,,,inventariado; execucao pendente,,,,,,,,
src/apps/hub/templates/hub/dctfweb_consult.html,85,button,Conferir provas e preparar emissão,,POST,,data-busy-label=Preparando…,inventariado; execucao pendente,,,,,,,,
src/apps/hub/templates/hub/demo_entry.html,9,form,{% csrf_token %} Iniciar demonstração fictícia,,POST,,,inventariado; execucao pendente,,,,,,,,
src/apps/hub/templates/hub/demo_entry.html,9,button,Iniciar demonstração fictícia,,POST,,,inventariado; execucao pendente,,,,,,,,
src/apps/hub/templates/hub/demo_entry.html,11,a,Comece o teste de 14 dias.,,,{% url 'hub:signup' %},,inventariado; execucao pendente,,,,,,,,
src/apps/hub/templates/hub/dre_mapping_editor.html,7,form,{% csrf_token %} {{ dre_mapping_formset.management_form }} {% if dre_mapping_formset.non_form_errors %} Revise o mapa DRE. {{ dre_mapping_formset.non_form_errors }} {% endif %} Con,,POST,,data-dre-mapping-form=,inventariado; execucao pendente,,,,,,,,
src/apps/hub/templates/hub/dre_mapping_editor.html,16,button,Salvar nova versão,,POST,,,inventariado; execucao pendente,,,,,,,,
src/apps/hub/templates/hub/dte_center.html,16,a,Escolher empresas para consultar,,,#dte-preparation,,inventariado; execucao pendente,,,,,,,,
src/apps/hub/templates/hub/dte_center.html,17,a,Ver consultas preparadas ({{ pending_runs|length }}),,,#dte-approval,,inventariado; execucao pendente,,,,,,,,
src/apps/hub/templates/hub/dte_center.html,28,a,Central Integra,,,{% url 'hub:integra' %},,inventariado; execucao pendente,,,,,,,,
src/apps/hub/templates/hub/dte_center.html,29,a,Caixa DTE,,,{% url 'hub:dte-center' %},,inventariado; execucao pendente,,,,,,,,
src/apps/hub/templates/hub/dte_center.html,30,a,Parcelamentos,,,{% url 'hub:parcelamentos' %},,inventariado; execucao pendente,,,,,,,,
src/apps/hub/templates/hub/dte_center.html,31,a,DCTFWeb,,,{% url 'hub:guides' %},,inventariado; execucao pendente,,,,,,,,
src/apps/hub/templates/hub/dte_center.html,40,a,Ver mensagens a abrir,,,?status=unread,,inventariado; execucao pendente,,,,,,,,
src/apps/hub/templates/hub/dte_center.html,41,a,Ver aberturas pendentes,,,?status=uncertain,,inventariado; execucao pendente,,,,,,,,
src/apps/hub/templates/hub/dte_center.html,47,form,Situação Todas A abrir Aberturas pendentes Lidas/consultadas Empresa Todas no escopo {% for company in dte_companies %} {{ company.name }} {% endfor %} Assunto ou origem Filtrar Li,,GET,,,inventariado; execucao pendente,,,,,,,,
src/apps/hub/templates/hub/dte_center.html,48,select,Todas A abrir Aberturas pendentes Lidas/consultadas,dte-status-filter,GET,,,inventariado; execucao pendente,,,,,,,,
src/apps/hub/templates/hub/dte_center.html,49,select,Todas no escopo {% for company in dte_companies %} {{ company.name }} {% endfor %},dte-company-filter,GET,,,inventariado; execucao pendente,,,,,,,,
src/apps/hub/templates/hub/dte_center.html,50,input:search,{{ dte_search_term }},dte-search,GET,,,inventariado; execucao pendente,,,,,,,,
src/apps/hub/templates/hub/dte_center.html,51,button,Filtrar,,GET,,,inventariado; execucao pendente,,,,,,,,
src/apps/hub/templates/hub/dte_center.html,52,a,Limpar,,GET,{% url 'hub:dte-center' %},,inventariado; execucao pendente,,,,,,,,
src/apps/hub/templates/hub/dte_center.html,66,a,Abrir resumo de {{ message.subject|default:'mensagem' }},,,{% url 'hub:dte-message-detail' message.id %}?return_to={{ request.get_full_path|urlencode }},,inventariado; execucao pendente,,,,,,,,
src/apps/hub/templates/hub/dte_center.html,71,a,Anterior,,,?{% if dte_message_querystring %}{{ dte_message_querystring }}&{% endif %}page={{ dte_message_page.previous_page_number }},,inventariado; execucao pendente,,,,,,,,
src/apps/hub/templates/hub/dte_center.html,71,a,Próxima,,,?{% if dte_message_querystring %}{{ dte_message_querystring }}&{% endif %}page={{ dte_message_page.next_page_number }},,inventariado; execucao pendente,,,,,,,,
src/apps/hub/templates/hub/dte_center.html,73,a,Ver todas,,,{% url 'hub:dte-center' %},,inventariado; execucao pendente,,,,,,,,
src/apps/hub/templates/hub/dte_center.html,81,a,Revise o cadastro das empresas,,,{% url 'hub:companies' %},,inventariado; execucao pendente,,,,,,,,
src/apps/hub/templates/hub/dte_center.html,82,form,{% csrf_token %} {% if dte_form.non_field_errors %} {{ dte_form.non_field_errors }} {% endif %} {{ dte_form.companies.label }} {% if dte_form.companies.errors %} {{ dte_form.compan,,POST,{% url 'hub:dte-center' %},,inventariado; execucao pendente,,,,,,,,
src/apps/hub/templates/hub/dte_center.html,86,input:search,"Buscar empresa por nome, código Domínio ou CNPJ",dte-company-search,POST,{% url 'hub:dte-center' %},aria-controls=dte-company-options,inventariado; execucao pendente,,,,,,,,
src/apps/hub/templates/hub/dte_center.html,86,button,Selecionar todas,dte-select-all,POST,{% url 'hub:dte-center' %},,inventariado; execucao pendente,,,,,,,,
src/apps/hub/templates/hub/dte_center.html,86,button,Selecionar resultados,dte-select-results,POST,{% url 'hub:dte-center' %},,inventariado; execucao pendente,,,,,,,,
src/apps/hub/templates/hub/dte_center.html,86,button,Limpar seleção,dte-clear-selection,POST,{% url 'hub:dte-center' %},,inventariado; execucao pendente,,,,,,,,
src/apps/hub/templates/hub/dte_center.html,87,a,Revisar empresas,,POST,{% url 'hub:companies' %},,inventariado; execucao pendente,,,,,,,,
src/apps/hub/templates/hub/dte_center.html,87,a,Ver empresas,,POST,{% url 'hub:companies' %},,inventariado; execucao pendente,,,,,,,,
src/apps/hub/templates/hub/dte_center.html,88,button,Mostrar mais empresas,dte-company-more,POST,{% url 'hub:dte-center' %},,inventariado; execucao pendente,,,,,,,,
src/apps/hub/templates/hub/dte_center.html,90,button,Preparar consulta,,POST,{% url 'hub:dte-center' %},data-busy-label=Preparando…,inventariado; execucao pendente,,,,,,,,
src/apps/hub/templates/hub/dte_center.html,107,form,{% csrf_token %} {% if run.usage_quote.additional_overage_cents and can_authorize_overage %} Autorizo R$ {{ run.overage_brl|floatformat:2 }} de excedente para estas consultas. {% e,,POST,{% url 'hub:decide-dte-run' run.id %},,inventariado; execucao pendente,,,,,,,,
src/apps/hub/templates/hub/dte_center.html,109,input:checkbox,on,confirm_overage,POST,{% url 'hub:decide-dte-run' run.id %},,inventariado; execucao pendente,,,,,,,,
src/apps/hub/templates/hub/dte_center.html,110,button,{% if office.is_demo %}Simular consultas{% else %}Autorizar {{ run.usage_quote.total_tokens }} tokens{% endif %},decision,POST,{% url 'hub:decide-dte-run' run.id %},,inventariado; execucao pendente,,,,,,,,
src/apps/hub/templates/hub/dte_center.html,111,button,Retirar,decision,POST,{% url 'hub:decide-dte-run' run.id %},,inventariado; execucao pendente,,,,,,,,
src/apps/hub/templates/hub/dte_center.html,123,form,{% csrf_token %} Preparar próxima página de {{ item.company.name }},,POST,{% url 'hub:dte-next-page' item.id %},,inventariado; execucao pendente,,,,,,,,
src/apps/hub/templates/hub/dte_center.html,123,button,Preparar próxima página de {{ item.company.name }},,POST,{% url 'hub:dte-next-page' item.id %},,inventariado; execucao pendente,,,,,,,,
src/apps/hub/templates/hub/dte_center.html,123,a,Anterior,,,?{% if dte_items_querystring %}{{ dte_items_querystring }}&{% endif %}history_page={{ dte_items_page.previous_page_number }},,inventariado; execucao pendente,,,,,,,,
src/apps/hub/templates/hub/dte_center.html,123,a,Próxima,,,?{% if dte_items_querystring %}{{ dte_items_querystring }}&{% endif %}history_page={{ dte_items_page.next_page_number }},,inventariado; execucao pendente,,,,,,,,
src/apps/hub/templates/hub/dte_center.html,123,a,Escolher empresas,,,#dte-preparation,,inventariado; execucao pendente,,,,,,,,
src/apps/hub/templates/hub/dte_message_detail.html,8,a,Voltar à Caixa Postal,,,{% back_url 'hub:dte-center' %},,inventariado; execucao pendente,,,,,,,,
src/apps/hub/templates/hub/dte_message_detail.html,12,a,Voltar à atividade de análise,,,{% url 'hub:activity-detail' dte_analysis_activity.id %},,inventariado; execucao pendente,,,,,,,,
src/apps/hub/templates/hub/dte_message_detail.html,33,form,{% csrf_token %} {% if office.is_demo %}Entendo que esta mensagem e sua abertura são fictícias e não produzem ciência oficial.{% else %}Entendo que abrir esta mensagem no Serpro po,,POST,,,inventariado; execucao pendente,,,,,,,,
src/apps/hub/templates/hub/dte_message_detail.html,35,input:checkbox,on,confirm_legal_notice,POST,,,inventariado; execucao pendente,,,,,,,,
src/apps/hub/templates/hub/dte_message_detail.html,37,input:checkbox,on,confirm_overage,POST,,,inventariado; execucao pendente,,,,,,,,
src/apps/hub/templates/hub/dte_message_detail.html,39,button,{% if office.is_demo %}Abrir teor fictício{% else %}Abrir no Serpro; pode registrar ciência{% endif %},,POST,,data-busy-label=Abrindo…,inventariado; execucao pendente,,,,,,,,
src/apps/hub/templates/hub/emails/password_reset_email.html,6,a,Criar nova senha,,,{{ protocol }}://{{ domain }}{% url 'hub:password-reset-confirm' uidb64=uid token=token %},,inventariado; execucao pendente,,,,,,,,
src/apps/hub/templates/hub/error_page.html,10,a,{{ primary_label }},,,{{ primary_url }},,inventariado; execucao pendente,,,,,,,,
src/apps/hub/templates/hub/error_page.html,11,a,{{ secondary_label }},,,{{ secondary_url }},,inventariado; execucao pendente,,,,,,,,
src/apps/hub/templates/hub/forbidden.html,1,a,Voltar à conciliação demo,,,{% url 'hub:reconciliation' %},,inventariado; execucao pendente,,,,,,,,
src/apps/hub/templates/hub/forbidden.html,1,a,Voltar à plataforma,,,{% url 'platform:dashboard' %},,inventariado; execucao pendente,,,,,,,,
src/apps/hub/templates/hub/forbidden.html,1,a,Voltar ao escritório,,,{% url 'hub:dashboard' %},,inventariado; execucao pendente,,,,,,,,
src/apps/hub/templates/hub/forbidden.html,1,a,Abrir integrações,,,{% url 'hub:settings' %},,inventariado; execucao pendente,,,,,,,,
src/apps/hub/templates/hub/forbidden.html,1,a,Entrar,,,{% url 'hub:login' %},,inventariado; execucao pendente,,,,,,,,
src/apps/hub/templates/hub/guide_detail.html,4,a,Voltar às guias,,,{% back_url 'hub:guides' %},,inventariado; execucao pendente,,,,,,,,
src/apps/hub/templates/hub/guide_detail.html,33,a,Baixar DARF{% if office.is_demo %} fictício{% endif %},,,{% if office.is_demo %}{% url 'hub:demo-guide-pdf' guide.id %}{% else %}{% url 'hub:guide-pdf' guide.id %}{% endif %},,inventariado; execucao pendente,,,,,,,,
src/apps/hub/templates/hub/guide_detail.html,35,form,{% csrf_token %} {% if office.is_demo %}Gerar resultado fictício{% elif guide.status == 'failed' %}Confirmar nova tentativa{% else %}Confirmar emissão{% endif %},,POST,{% url 'hub:issue-guide' guide.id %},,inventariado; execucao pendente,,,,,,,,
src/apps/hub/templates/hub/guide_detail.html,37,button,{% if office.is_demo %}Gerar resultado fictício{% elif guide.status == 'failed' %}Confirmar nova tentativa{% else %}Confirmar emissão{% endif %},,POST,{% url 'hub:issue-guide' guide.id %},data-busy-label=Enviando…,inventariado; execucao pendente,,,,,,,,
src/apps/hub/templates/hub/guide_detail.html,40,a,Atualizar situação,,,{% url 'hub:guide-detail' guide.id %},,inventariado; execucao pendente,,,,,,,,
src/apps/hub/templates/hub/guide_detail.html,42,a,Conferir documentos,,,{% url 'hub:dctfweb-consult' %}?company={{ guide.company.id }}&competence={{ guide.competence|urlencode }},,inventariado; execucao pendente,,,,,,,,
src/apps/hub/templates/hub/guide_detail.html,45,a,Abrir documentos,,,{% url 'hub:dctfweb-consult' %}?company={{ guide.company.id }}&competence={{ guide.competence|urlencode }},,inventariado; execucao pendente,,,,,,,,
src/apps/hub/templates/hub/guide_detail.html,66,summary,Referências para suporte,,,,,inventariado; execucao pendente,,,,,,,,
src/apps/hub/templates/hub/guides_center.html,3,a,Voltar à Central Integra,,,{% url 'hub:integra' %},,inventariado; execucao pendente,,,,,,,,
src/apps/hub/templates/hub/guides_center.html,14,a,Ir para as apurações,,,#dominio-calculations-heading,,inventariado; execucao pendente,,,,,,,,
src/apps/hub/templates/hub/guides_center.html,20,a,Abrir pendências,,,?status=pending,,inventariado; execucao pendente,,,,,,,,
src/apps/hub/templates/hub/guides_center.html,21,a,Ver emitidas,,,?status=issued,,inventariado; execucao pendente,,,,,,,,
src/apps/hub/templates/hub/guides_center.html,26,form,Empresa ou competência Situação Exigem ação ou conferência Emitidas Com falha Resultado a confirmar Todas Vencimento Qualquer data Próximos 7 dias Vencidas Filtrar {% if guide_sear,,GET,,,inventariado; execucao pendente,,,,,,,,
src/apps/hub/templates/hub/guides_center.html,27,input:search,{{ guide_search }},guide-search,GET,,,inventariado; execucao pendente,,,,,,,,
src/apps/hub/templates/hub/guides_center.html,28,select,Exigem ação ou conferência Emitidas Com falha Resultado a confirmar Todas,guide-status,GET,,,inventariado; execucao pendente,,,,,,,,
src/apps/hub/templates/hub/guides_center.html,29,select,Qualquer data Próximos 7 dias Vencidas,guide-due,GET,,,inventariado; execucao pendente,,,,,,,,
src/apps/hub/templates/hub/guides_center.html,30,button,Filtrar,,GET,,,inventariado; execucao pendente,,,,,,,,
src/apps/hub/templates/hub/guides_center.html,31,a,Limpar filtros,,GET,{% url 'hub:guides' %},,inventariado; execucao pendente,,,,,,,,
src/apps/hub/templates/hub/guides_center.html,42,form,"{% csrf_token %} {% if can_issue_guides %} Consulte até 30 empresas e competências por lote. Selecione nesta página, escolha o documento e revise o custo antes de autorizar. A sele",,POST,{% url 'hub:dctfweb-bulk-consult' %},data-guide-bulk-form=,inventariado; execucao pendente,,,,,,,,
src/apps/hub/templates/hub/guides_center.html,46,input:checkbox,Selecionar esta página,,POST,{% url 'hub:dctfweb-bulk-consult' %},data-guide-select-all=,inventariado; execucao pendente,,,,,,,,
src/apps/hub/templates/hub/guides_center.html,49,select,Declaração completa Recibo de transmissão,guide-bulk-kind,POST,{% url 'hub:dctfweb-bulk-consult' %},,inventariado; execucao pendente,,,,,,,,
src/apps/hub/templates/hub/guides_center.html,50,button,Revisar lote e custo,,POST,{% url 'hub:dctfweb-bulk-consult' %},data-guide-bulk-submit=,inventariado; execucao pendente,,,,,,,,
src/apps/hub/templates/hub/guides_center.html,61,input:checkbox,{{ calculation.company.id }}|{{ calculation.competence_label }},targets,POST,{% url 'hub:dctfweb-bulk-consult' %},data-guide-target=,inventariado; execucao pendente,,,,,,,,
src/apps/hub/templates/hub/guides_center.html,62,a,{{ calculation.company.name }},,POST,{% url 'hub:company-detail' calculation.company.id %}?return_to={{ request.get_full_path|urlencode }},,inventariado; execucao pendente,,,,,,,,
src/apps/hub/templates/hub/guides_center.html,66,a,Consultar DCTFWeb de {{ calculation.company.name }} em {{ calculation.competence_label }},,POST,{% url 'hub:dctfweb-consult' %}?company={{ calculation.company.id }}&competence={{ calculation.competence_label|urlencode }},,inventariado; execucao pendente,,,,,,,,
src/apps/hub/templates/hub/guides_center.html,75,a,Anterior,,,?{{ calculation_query }}&apuracao_pagina={{ calculation_page.previous_page_number }}#dominio-calculations-heading,,inventariado; execucao pendente,,,,,,,,
src/apps/hub/templates/hub/guides_center.html,77,a,Próxima,,,?{{ calculation_query }}&apuracao_pagina={{ calculation_page.next_page_number }}#dominio-calculations-heading,,inventariado; execucao pendente,,,,,,,,
src/apps/hub/templates/hub/home.html,23,a,Pular para o conteúdo,,,#conteudo,,inventariado; execucao pendente,,,,,,,,
src/apps/hub/templates/hub/home.html,25,a,{% include 'hub/partials/brand_lockup.html' %},,,{% url 'hub:home' %},,inventariado; execucao pendente,,,,,,,,
src/apps/hub/templates/hub/home.html,26,a,Produto,,,#produto,,inventariado; execucao pendente,,,,,,,,
src/apps/hub/templates/hub/home.html,26,a,Rotina,,,#rotina,,inventariado; execucao pendente,,,,,,,,
src/apps/hub/templates/hub/home.html,26,a,Recursos,,,#recursos,,inventariado; execucao pendente,,,,,,,,
src/apps/hub/templates/hub/home.html,26,a,Dúvidas,,,#duvidas,,inventariado; execucao pendente,,,,,,,,
src/apps/hub/templates/hub/home.html,27,a,Entrar,,,{% url 'hub:login' %},,inventariado; execucao pendente,,,,,,,,
src/apps/hub/templates/hub/home.html,27,a,Testar por 14 dias,,,{% url 'hub:signup' %},,inventariado; execucao pendente,,,,,,,,
src/apps/hub/templates/hub/home.html,33,a,Começar teste de 14 dias,,,{% url 'hub:signup' %},,inventariado; execucao pendente,,,,,,,,
src/apps/hub/templates/hub/home.html,42,button,Central,demo-tab-central,,,aria-controls=demo-panel-central data-demo-target=central,inventariado; execucao pendente,,,,,,,,
src/apps/hub/templates/hub/home.html,43,button,Meu trabalho,demo-tab-trabalho,,,aria-controls=demo-panel-trabalho data-demo-target=trabalho,inventariado; execucao pendente,,,,,,,,
src/apps/hub/templates/hub/home.html,44,button,Empresas,demo-tab-empresas,,,aria-controls=demo-panel-empresas data-demo-target=empresas,inventariado; execucao pendente,,,,,,,,
src/apps/hub/templates/hub/home.html,45,button,Documentos,demo-tab-documentos,,,aria-controls=demo-panel-documentos data-demo-target=documentos,inventariado; execucao pendente,,,,,,,,
src/apps/hub/templates/hub/home.html,46,button,Fiscal,demo-tab-fiscal,,,aria-controls=demo-panel-fiscal data-demo-target=fiscal,inventariado; execucao pendente,,,,,,,,
src/apps/hub/templates/hub/home.html,47,button,Conciliação,demo-tab-conciliacao,,,aria-controls=demo-panel-conciliacao data-demo-target=conciliacao,inventariado; execucao pendente,,,,,,,,
src/apps/hub/templates/hub/home.html,88,a,Explorar a demonstração completa,,,{% url 'hub:demo-entry' %},,inventariado; execucao pendente,,,,,,,,
src/apps/hub/templates/hub/home.html,110,summary,O que acontece no teste de 14 dias? +,,,,,inventariado; execucao pendente,,,,,,,,
src/apps/hub/templates/hub/home.html,111,summary,Preciso trocar meu sistema contábil? +,,,,,inventariado; execucao pendente,,,,,,,,
src/apps/hub/templates/hub/home.html,112,summary,Quais fontes fazem parte da rotina? +,,,,,inventariado; execucao pendente,,,,,,,,
src/apps/hub/templates/hub/home.html,113,summary,Como a equipe acompanha o trabalho? +,,,,,inventariado; execucao pendente,,,,,,,,
src/apps/hub/templates/hub/home.html,114,summary,Como funciona a contratação? +,,,,,inventariado; execucao pendente,,,,,,,,
src/apps/hub/templates/hub/home.html,115,summary,Como falar com o suporte? +,,,,,inventariado; execucao pendente,,,,,,,,
src/apps/hub/templates/hub/home.html,115,a,suporte@mewstack.com.br,,,mailto:suporte@mewstack.com.br,,inventariado; execucao pendente,,,,,,,,
src/apps/hub/templates/hub/home.html,116,summary,A demonstração consulta dados reais? +,,,,,inventariado; execucao pendente,,,,,,,,
src/apps/hub/templates/hub/home.html,119,a,Começar teste de 14 dias,,,{% url 'hub:signup' %},,inventariado; execucao pendente,,,,,,,,
src/apps/hub/templates/hub/home.html,122,a,{% include 'hub/partials/brand_lockup.html' %},,,{% url 'hub:home' %},,inventariado; execucao pendente,,,,,,,,
src/apps/hub/templates/hub/home.html,122,a,Fale com a gente,,,mailto:suporte@mewstack.com.br,,inventariado; execucao pendente,,,,,,,,
src/apps/hub/templates/hub/home.html,122,a,Termos de Uso,,,{% url 'hub:legal' 'termos' %},,inventariado; execucao pendente,,,,,,,,
src/apps/hub/templates/hub/home.html,122,a,Privacidade,,,{% url 'hub:legal' 'privacidade' %},,inventariado; execucao pendente,,,,,,,,
src/apps/hub/templates/hub/integra_home.html,17,a,Abrir Caixa DTE,,,{% url 'hub:dte-center' %},,inventariado; execucao pendente,,,,,,,,
src/apps/hub/templates/hub/integra_home.html,24,a,Abrir Parcelamentos,,,{% url 'hub:parcelamentos' %},,inventariado; execucao pendente,,,,,,,,
src/apps/hub/templates/hub/integra_home.html,31,a,Abrir DCTFWeb,,,{% url 'hub:guides' %},,inventariado; execucao pendente,,,,,,,,
src/apps/hub/templates/hub/legal.html,5,a,Termos de Uso,,,{% url 'hub:legal' document='termos' %},,inventariado; execucao pendente,,,,,,,,
src/apps/hub/templates/hub/legal.html,5,a,Privacidade,,,{% url 'hub:legal' document='privacidade' %},,inventariado; execucao pendente,,,,,,,,
src/apps/hub/templates/hub/legal.html,5,a,Tratamento de dados,,,{% url 'hub:legal' document='tratamento-de-dados' %},,inventariado; execucao pendente,,,,,,,,
src/apps/hub/templates/hub/legal.html,11,a,{{ provider.support_email }},,,mailto:{{ provider.support_email }},,inventariado; execucao pendente,,,,,,,,
src/apps/hub/templates/hub/legal.html,11,a,{{ provider.support_phone }},,,tel:+55{{ provider.support_phone|cut:'('|cut:')'|cut:' '|cut:'-' }},,inventariado; execucao pendente,,,,,,,,
src/apps/hub/templates/hub/legal.html,12,a,{{ provider.privacy_email }},,,mailto:{{ provider.privacy_email }},,inventariado; execucao pendente,,,,,,,,
src/apps/hub/templates/hub/login.html,5,form,{% csrf_token %}{% if next %} {% endif %}{% include 'hub/auth_fields.html' %} Entrar,,POST,,,inventariado; execucao pendente,,,,,,,,
src/apps/hub/templates/hub/login.html,5,button,Entrar,,POST,,,inventariado; execucao pendente,,,,,,,,
src/apps/hub/templates/hub/login.html,5,summary,Não consegue entrar?,,,,,inventariado; execucao pendente,,,,,,,,
src/apps/hub/templates/hub/login.html,5,a,Redefinir minha senha,,,{% url 'hub:password-reset' %},,inventariado; execucao pendente,,,,,,,,
src/apps/hub/templates/hub/login.html,5,a,Teste grátis por 14 dias.,,,{% url 'hub:signup' %},,inventariado; execucao pendente,,,,,,,,
src/apps/hub/templates/hub/login_locked.html,3,a,Voltar ao login,,,{% url 'hub:login' %},,inventariado; execucao pendente,,,,,,,,
src/apps/hub/templates/hub/logout_confirm.html,10,form,{% csrf_token %} Sair,,POST,,,inventariado; execucao pendente,,,,,,,,
src/apps/hub/templates/hub/logout_confirm.html,10,button,Sair,,POST,,,inventariado; execucao pendente,,,,,,,,
src/apps/hub/templates/hub/logout_confirm.html,11,a,Voltar ao escritório,,,{% url 'hub:dashboard' %},,inventariado; execucao pendente,,,,,,,,
src/apps/hub/templates/hub/logout_confirm.html,15,a,Entrar,,,{% url 'hub:login' %},,inventariado; execucao pendente,,,,,,,,
src/apps/hub/templates/hub/module_page.html,21,a,Configurar {{ module.label }},,,{% url 'hub:settings' %}#conexoes,,inventariado; execucao pendente,,,,,,,,
src/apps/hub/templates/hub/module_unavailable.html,5,a,Voltar à visão geral,,,{% url 'hub:dashboard' %},,inventariado; execucao pendente,,,,,,,,
src/apps/hub/templates/hub/nfse_center.html,18,summary,Adicionar acumulador Disponibiliza um código para escolha nas próximas classificações. +,,,,,inventariado; execucao pendente,,,,,,,,
src/apps/hub/templates/hub/nfse_center.html,19,form,{% csrf_token %} Empresa Selecione {% for company in catalog_companies %} {{ company.name }}{% if company.dominio_code %} · Domínio {{ company.dominio_code }}{% endif %} {% endfor ,,POST,,,inventariado; execucao pendente,,,,,,,,
src/apps/hub/templates/hub/nfse_center.html,21,select,Selecione {% for company in catalog_companies %} {{ company.name }}{% if company.dominio_code %} · Domínio {{ company.dominio_code }}{% endif %} {% endfor %},accumulator-company,POST,,,inventariado; execucao pendente,,,,,,,,
src/apps/hub/templates/hub/nfse_center.html,22,input:text,Código do acumulador,accumulator-code,POST,,,inventariado; execucao pendente,,,,,,,,
src/apps/hub/templates/hub/nfse_center.html,23,input:text,Descrição opcional,accumulator-name,POST,,,inventariado; execucao pendente,,,,,,,,
src/apps/hub/templates/hub/nfse_center.html,24,button,Adicionar acumulador,,POST,,,inventariado; execucao pendente,,,,,,,,
src/apps/hub/templates/hub/nfse_center.html,30,form,"{% if nfse_selected_company %} {% endif %} Empresa, código ou descrição Origem {% for value, label in accumulator_catalog_sources %} {{ label }} {% endfor %} Pesquisar {% if accumu",,GET,,,inventariado; execucao pendente,,,,,,,,
src/apps/hub/templates/hub/nfse_center.html,30,input:search,{{ accumulator_catalog_search }},catalog-search,GET,,,inventariado; execucao pendente,,,,,,,,
src/apps/hub/templates/hub/nfse_center.html,30,select,"{% for value, label in accumulator_catalog_sources %} {{ label }} {% endfor %}",catalog-source,GET,,,inventariado; execucao pendente,,,,,,,,
src/apps/hub/templates/hub/nfse_center.html,30,button,Pesquisar,,GET,,,inventariado; execucao pendente,,,,,,,,
src/apps/hub/templates/hub/nfse_center.html,30,a,Limpar filtros,,GET,?view=catalog{% if nfse_selected_company %}&company={{ nfse_selected_company.id }}{% endif %},,inventariado; execucao pendente,,,,,,,,
src/apps/hub/templates/hub/nfse_center.html,44,a,Anterior,,,?{% if accumulator_catalog_querystring %}{{ accumulator_catalog_querystring }}&{% endif %}catalog_page={{ accumulator_catalog_page.previous_page_number }},,inventariado; execucao pendente,,,,,,,,
src/apps/hub/templates/hub/nfse_center.html,44,a,Próxima,,,?{% if accumulator_catalog_querystring %}{{ accumulator_catalog_querystring }}&{% endif %}catalog_page={{ accumulator_catalog_page.next_page_number }},,inventariado; execucao pendente,,,,,,,,
src/apps/hub/templates/hub/nfse_center.html,45,a,Limpar filtros,,,?view=catalog{% if nfse_selected_company %}&company={{ nfse_selected_company.id }}{% endif %},,inventariado; execucao pendente,,,,,,,,
src/apps/hub/templates/hub/nfse_center.html,50,a,Preparar novo download,,,{% url 'hub:nfse-center' %}?status=classified#nfse-bulk-download,,inventariado; execucao pendente,,,,,,,,
src/apps/hub/templates/hub/nfse_center.html,52,form,"{% if nfse_selected_company %} {% endif %} Empresa, código ou responsável Situação Todas Pronto para baixar Já baixado Pesquisar {% if export_search or export_state != 'all' %} Lim",,GET,,,inventariado; execucao pendente,,,,,,,,
src/apps/hub/templates/hub/nfse_center.html,52,input:search,{{ export_search }},export-search,GET,,,inventariado; execucao pendente,,,,,,,,
src/apps/hub/templates/hub/nfse_center.html,52,select,Todas Pronto para baixar Já baixado,export-state,GET,,,inventariado; execucao pendente,,,,,,,,
src/apps/hub/templates/hub/nfse_center.html,52,button,Pesquisar,,GET,,,inventariado; execucao pendente,,,,,,,,
src/apps/hub/templates/hub/nfse_center.html,52,a,Limpar filtros,,GET,?view=exports{% if nfse_selected_company %}&company={{ nfse_selected_company.id }}{% endif %},,inventariado; execucao pendente,,,,,,,,
src/apps/hub/templates/hub/nfse_center.html,58,form,"{% csrf_token %} {% if export.state == 'ready' %}Baixar ZIP{% else %}Baixar novamente{% endif %} de {{ export.document_count }} nota{{ export.document_count|pluralize }}, gerado em",,POST,{% url 'hub:nfse-export-download' export.id %},,inventariado; execucao pendente,,,,,,,,
src/apps/hub/templates/hub/nfse_center.html,58,button,"{% if export.state == 'ready' %}Baixar ZIP{% else %}Baixar novamente{% endif %} de {{ export.document_count }} nota{{ export.document_count|pluralize }}, gerado em {{ export.create",,POST,{% url 'hub:nfse-export-download' export.id %},,inventariado; execucao pendente,,,,,,,,
src/apps/hub/templates/hub/nfse_center.html,59,a,Anterior,,,?{% if exports_querystring %}{{ exports_querystring }}&{% endif %}exports_page={{ nfse_exports.previous_page_number }},,inventariado; execucao pendente,,,,,,,,
src/apps/hub/templates/hub/nfse_center.html,59,a,Próxima,,,?{% if exports_querystring %}{{ exports_querystring }}&{% endif %}exports_page={{ nfse_exports.next_page_number }},,inventariado; execucao pendente,,,,,,,,
src/apps/hub/templates/hub/nfse_center.html,60,a,Limpar filtros,,,?view=exports{% if nfse_selected_company %}&company={{ nfse_selected_company.id }}{% endif %},,inventariado; execucao pendente,,,,,,,,
src/apps/hub/templates/hub/nfse_center.html,61,a,Abrir notas,,,{% url 'hub:nfse-center' %},,inventariado; execucao pendente,,,,,,,,
src/apps/hub/templates/hub/nfse_center.html,75,a,Ver situação no cadastro,,,{% url 'hub:company-detail' nfse_selected_company.id %},,inventariado; execucao pendente,,,,,,,,
src/apps/hub/templates/hub/nfse_center.html,78,form,"{% if nfse_selected_company %} {% endif %} Período Competência Emissão Mês Todos {% for value, label in nfse_competence_options %} {{ label }} {% endfor %} De Até Busca {% if nfse_",nfse-filter,GET,,data-live-filter=#nfse-results,inventariado; execucao pendente,,,,,,,,
src/apps/hub/templates/hub/nfse_center.html,85,select,Competência Emissão,nfse-period,GET,,data-nfse-period-mode=,inventariado; execucao pendente,,,,,,,,
src/apps/hub/templates/hub/nfse_center.html,89,select,"Todos {% for value, label in nfse_competence_options %} {{ label }} {% endfor %}",nfse-competence,GET,,,inventariado; execucao pendente,,,,,,,,
src/apps/hub/templates/hub/nfse_center.html,92,input:text,{{ nfse_filters.issued_from_text }},nfse-issued-from,GET,,data-nfse-date=,inventariado; execucao pendente,,,,,,,,
src/apps/hub/templates/hub/nfse_center.html,93,input:text,{{ nfse_filters.issued_to_text }},nfse-issued-to,GET,,data-nfse-date=,inventariado; execucao pendente,,,,,,,,
src/apps/hub/templates/hub/nfse_center.html,97,input:search,{{ nfse_filters.q }},nfse-search,GET,,,inventariado; execucao pendente,,,,,,,,
src/apps/hub/templates/hub/nfse_center.html,99,a,{{ nfse_selected_company.name }} × (remover filtro de empresa),,GET,{% url 'hub:nfse-center' %}?status={{ nfse_filters.status }}&competence={{ nfse_filters.competence }},,inventariado; execucao pendente,,,,,,,,
src/apps/hub/templates/hub/nfse_center.html,101,button,Filtrar,,GET,,data-live-filter-submit=,inventariado; execucao pendente,,,,,,,,
src/apps/hub/templates/hub/nfse_center.html,102,a,Limpar,,GET,{{ nfse_clear_url }},data-live-filter-clear{%=,inventariado; execucao pendente,,,,,,,,
src/apps/hub/templates/hub/nfse_center.html,112,a,{{ tab.label }} {{ tab.count }},,,{{ tab.url }},,inventariado; execucao pendente,,,,,,,,
src/apps/hub/templates/hub/nfse_center.html,113,a,{{ tab.label }} {{ tab.count }},,,{{ tab.url }},,inventariado; execucao pendente,,,,,,,,
src/apps/hub/templates/hub/nfse_center.html,115,summary,Baixar,,,,,inventariado; execucao pendente,,,,,,,,
src/apps/hub/templates/hub/nfse_center.html,117,button,Baixar ZIP,action,,,,inventariado; execucao pendente,,,,,,,,
src/apps/hub/templates/hub/nfse_center.html,118,button,Baixar ZIP,,,,,inventariado; execucao pendente,,,,,,,,
src/apps/hub/templates/hub/nfse_center.html,119,button,Baixar ZIP,,,,,inventariado; execucao pendente,,,,,,,,
src/apps/hub/templates/hub/nfse_center.html,120,button,PDF,action,,,,inventariado; execucao pendente,,,,,,,,
src/apps/hub/templates/hub/nfse_center.html,120,button,Excel,action,,,,inventariado; execucao pendente,,,,,,,,
src/apps/hub/templates/hub/nfse_center.html,124,form,{% csrf_token %}{% include 'hub/nfse_filter_fields.html' with prefix='report_' %},nfse-report-form,POST,,,inventariado; execucao pendente,,,,,,,,
src/apps/hub/templates/hub/nfse_center.html,125,form,{% csrf_token %},nfse-download-demo-package,POST,,,inventariado; execucao pendente,,,,,,,,
src/apps/hub/templates/hub/nfse_center.html,126,form,{% csrf_token %} {% include 'hub/nfse_filter_fields.html' with prefix='export_' %},nfse-download-package,POST,,,inventariado; execucao pendente,,,,,,,,
src/apps/hub/templates/hub/nfse_center.html,141,button,Abrir todas,,,,data-nfse-groups-toggle=open,inventariado; execucao pendente,,,,,,,,
src/apps/hub/templates/hub/nfse_center.html,141,button,Fechar todas,,,,data-nfse-groups-toggle=close,inventariado; execucao pendente,,,,,,,,
src/apps/hub/templates/hub/nfse_center.html,144,button,"{{ group.name }} {{ group.cnpj|default:""CNPJ não informado"" }}{% if group.dominio_code %} · Domínio {{ group.dominio_code }}{% endif %} {{ group.notes }} nota{{ group.notes|plurali",nfse-group-title-{{ group.company_id }},,,aria-controls=nfse-group-panel-{{ group.company_id }} data-nfse-group-toggle= data-url={{ nfse_list_url }}&group={{ group.company_id }},inventariado; execucao pendente,,,,,,,,
src/apps/hub/templates/hub/nfse_center.html,155,a,Limpar filtros,,,{{ nfse_clear_url }},,inventariado; execucao pendente,,,,,,,,
src/apps/hub/templates/hub/nfse_center.html,155,a,Voltar ao cadastro da empresa,,,{% url 'hub:company-detail' nfse_selected_company.id %},,inventariado; execucao pendente,,,,,,,,
src/apps/hub/templates/hub/nfse_center.html,155,a,Configurar coleta automática,,,?view=collection,,inventariado; execucao pendente,,,,,,,,
src/apps/hub/templates/hub/nfse_collection.html,33,a,Ver falhas,,,#nfse-live-queue,,inventariado; execucao pendente,,,,,,,,
src/apps/hub/templates/hub/nfse_collection.html,35,a,Configurar empresas,,,?view=collection&configure=1#nfse-sync-settings,,inventariado; execucao pendente,,,,,,,,
src/apps/hub/templates/hub/nfse_collection.html,37,a,Adicionar certificados,,,{% url 'hub:certificates' %},,inventariado; execucao pendente,,,,,,,,
src/apps/hub/templates/hub/nfse_collection.html,39,a,Ver andamento,,,#nfse-live-queue,,inventariado; execucao pendente,,,,,,,,
src/apps/hub/templates/hub/nfse_collection.html,52,button,Repetir falhas,,,,data-nfse-queue-retry-all=,inventariado; execucao pendente,,,,,,,,
src/apps/hub/templates/hub/nfse_collection.html,53,button,Atualizar,,,,data-nfse-queue-refresh=,inventariado; execucao pendente,,,,,,,,
src/apps/hub/templates/hub/nfse_collection.html,66,summary,{% if can_manage_nfse_sync %}Configurar empresas{% else %}Detalhes por empresa{% endif %} {{ nfse_sync_rows|length }} empresa{{ nfse_sync_rows|length|pluralize }},,,,,inventariado; execucao pendente,,,,,,,,
src/apps/hub/templates/hub/nfse_collection.html,71,form,{% csrf_token %} Selecionar todas as empresas exibidas Ativar coleta Tentar novamente Pausar {% endif %} {% if can_manage_nfse_sync %} Selecionar {% endif %} Empresa Certificado Co,,POST,?view=collection,data-nfse-bulk-form=,inventariado; execucao pendente,,,,,,,,
src/apps/hub/templates/hub/nfse_collection.html,73,input:checkbox,Selecionar todas as empresas exibidas,,POST,?view=collection,data-nfse-select-all=,inventariado; execucao pendente,,,,,,,,
src/apps/hub/templates/hub/nfse_collection.html,76,button,Ativar coleta,action,POST,?view=collection,data-nfse-bulk-submit=,inventariado; execucao pendente,,,,,,,,
src/apps/hub/templates/hub/nfse_collection.html,77,button,Tentar novamente,action,POST,?view=collection,,inventariado; execucao pendente,,,,,,,,
src/apps/hub/templates/hub/nfse_collection.html,78,button,Pausar,action,POST,?view=collection,,inventariado; execucao pendente,,,,,,,,
src/apps/hub/templates/hub/nfse_collection.html,88,input:checkbox,{{ row.company.id }},companies,POST,?view=collection,data-nfse-target=,inventariado; execucao pendente,,,,,,,,
src/apps/hub/templates/hub/nfse_collection.html,90,a,Adicionar A1,,POST,{% url 'hub:certificates' %},,inventariado; execucao pendente,,,,,,,,
src/apps/hub/templates/hub/nfse_collection.html,103,a,Ver empresas,,,{% url 'hub:companies' %},,inventariado; execucao pendente,,,,,,,,
src/apps/hub/templates/hub/nfse_group_rows.html,4,a,"{{ row.number|default:""s/ nº"" }}",,,{% url 'hub:review-detail' row.review.id %},,inventariado; execucao pendente,,,,,,,,
src/apps/hub/templates/hub/nfse_group_rows.html,12,form,"{% csrf_token %} Acumulador da nota {{ row.number|default:""sem número"" }} Classificar",,POST,{% url 'hub:resolve-review' row.review.id %},,inventariado; execucao pendente,,,,,,,,
src/apps/hub/templates/hub/nfse_group_rows.html,12,input:text,{{ row.review.suggested_accumulator }},nfse-acc-input-{{ row.document.id }},POST,{% url 'hub:resolve-review' row.review.id %},,inventariado; execucao pendente,,,,,,,,
src/apps/hub/templates/hub/nfse_group_rows.html,12,button,Classificar,,POST,{% url 'hub:resolve-review' row.review.id %},,inventariado; execucao pendente,,,,,,,,
src/apps/hub/templates/hub/nfse_group_rows.html,12,form,"{% csrf_token %} Acumulador da nota {{ row.number|default:""sem número"" }}",,POST,{% url 'hub:nfse-update-accumulator' row.document.id %},data-nfse-accumulator-edit=,inventariado; execucao pendente,,,,,,,,
src/apps/hub/templates/hub/nfse_group_rows.html,12,input:text,{{ row.accumulator }},nfse-acc-input-{{ row.document.id }},POST,{% url 'hub:nfse-update-accumulator' row.document.id %},data-nfse-accumulator-input=,inventariado; execucao pendente,,,,,,,,
src/apps/hub/templates/hub/nfse_group_table.html,36,button,Mostrar mais,,,,data-nfse-group-more= data-url={{ nfse_list_url }}&group={{ group.company_id }}&offset={{ group.next_offset }},inventariado; execucao pendente,,,,,,,,
src/apps/hub/templates/hub/nfse_group_table.html,37,form,{% csrf_token %}{% include 'hub/nfse_filter_fields.html' with prefix='report_' %} Baixar XML PDF Excel,,POST,{% url 'hub:nfse-center' %}?company={{ group.company_id }},,inventariado; execucao pendente,,,,,,,,
src/apps/hub/templates/hub/nfse_group_table.html,37,button,XML,action,POST,{% url 'hub:nfse-center' %}?company={{ group.company_id }},,inventariado; execucao pendente,,,,,,,,
src/apps/hub/templates/hub/nfse_group_table.html,37,button,PDF,action,POST,{% url 'hub:nfse-center' %}?company={{ group.company_id }},,inventariado; execucao pendente,,,,,,,,
src/apps/hub/templates/hub/nfse_group_table.html,37,button,Excel,action,POST,{% url 'hub:nfse-center' %}?company={{ group.company_id }},,inventariado; execucao pendente,,,,,,,,
src/apps/hub/templates/hub/nfse_navigation.html,2,a,Notas,,,{% url 'hub:nfse-center' %},,inventariado; execucao pendente,,,,,,,,
src/apps/hub/templates/hub/nfse_navigation.html,3,a,Acumuladores,,,{% url 'hub:nfse-center' %}?view=catalog,,inventariado; execucao pendente,,,,,,,,
src/apps/hub/templates/hub/nfse_navigation.html,4,a,Exportações,,,{% url 'hub:nfse-center' %}?view=exports,,inventariado; execucao pendente,,,,,,,,
src/apps/hub/templates/hub/nfse_navigation.html,5,a,Coleta automática,,,{% url 'hub:nfse-center' %}?view=collection,,inventariado; execucao pendente,,,,,,,,
src/apps/hub/templates/hub/no_office.html,1,a,Abrir console,,,{% url 'platform:dashboard' %},,inventariado; execucao pendente,,,,,,,,
src/apps/hub/templates/hub/no_office.html,1,form,{% csrf_token %} Encerrar sessão,,POST,{% url 'hub:logout' %},,inventariado; execucao pendente,,,,,,,,
src/apps/hub/templates/hub/no_office.html,1,button,Encerrar sessão,,POST,{% url 'hub:logout' %},,inventariado; execucao pendente,,,,,,,,
src/apps/hub/templates/hub/notifications.html,2,form,{% csrf_token %} Marcar todos como lidos,,POST,,,inventariado; execucao pendente,,,,,,,,
src/apps/hub/templates/hub/notifications.html,2,button,Marcar todos como lidos,,POST,,data-busy-label=Salvando…,inventariado; execucao pendente,,,,,,,,
src/apps/hub/templates/hub/notifications.html,4,a,Não lidos,,,{% url 'hub:notifications' %},,inventariado; execucao pendente,,,,,,,,
src/apps/hub/templates/hub/notifications.html,4,a,Todos,,,{% url 'hub:notifications' %}?mostrar=todos,,inventariado; execucao pendente,,,,,,,,
src/apps/hub/templates/hub/notifications.html,6,a,"{{ notice.get_kind_display }} {{ notice.title }} {{ notice.created_at|date:""d/m/Y H:i"" }}{% if not notice.read_at %} · não lido{% endif %}",,,{% url 'hub:notification-open' notice.id %},,inventariado; execucao pendente,,,,,,,,
src/apps/hub/templates/hub/notifications.html,7,a,Anterior,,,?{% if notifications_show_all %}mostrar=todos&{% endif %}pagina={{ notifications_page.previous_page_number }},,inventariado; execucao pendente,,,,,,,,
src/apps/hub/templates/hub/notifications.html,7,a,Próxima,,,?{% if notifications_show_all %}mostrar=todos&{% endif %}pagina={{ notifications_page.next_page_number }},,inventariado; execucao pendente,,,,,,,,
src/apps/hub/templates/hub/notifications.html,8,a,Ver atividades,,,{% url 'hub:activities' %},,inventariado; execucao pendente,,,,,,,,
src/apps/hub/templates/hub/office_activation_pending.html,9,form,{% csrf_token %} Encerrar sessão,,POST,{% url 'hub:logout' %},,inventariado; execucao pendente,,,,,,,,
src/apps/hub/templates/hub/office_activation_pending.html,11,button,Encerrar sessão,,POST,{% url 'hub:logout' %},,inventariado; execucao pendente,,,,,,,,
src/apps/hub/templates/hub/parcelamentos.html,5,a,Voltar à Central Integra,,,{% url 'hub:integra' %},,inventariado; execucao pendente,,,,,,,,
src/apps/hub/templates/hub/parcelamentos.html,20,button,{% if parcelamento_agreements or parcelamento_orders_result %}Atualizar pedidos{% else %}Consultar pedidos{% endif %},,,,data-modal-open=parcelamento-consult-review,inventariado; execucao pendente,,,,,,,,
src/apps/hub/templates/hub/parcelamentos.html,21,a,Trocar empresa,,,{% url 'hub:parcelamentos' %}{% if parcelamento_search %}?search={{ parcelamento_search|urlencode }}{% endif %},,inventariado; execucao pendente,,,,,,,,
src/apps/hub/templates/hub/parcelamentos.html,24,a,Ver acordos,,,#agreements-heading,,inventariado; execucao pendente,,,,,,,,
src/apps/hub/templates/hub/parcelamentos.html,31,button,×,,,,data-modal-close=,inventariado; execucao pendente,,,,,,,,
src/apps/hub/templates/hub/parcelamentos.html,31,form,{% csrf_token %} {% if parcelamento_demo %}Confirmar simulação{% else %}Autorizar consulta{% endif %} Cancelar,,POST,,,inventariado; execucao pendente,,,,,,,,
src/apps/hub/templates/hub/parcelamentos.html,31,button,{% if parcelamento_demo %}Confirmar simulação{% else %}Autorizar consulta{% endif %},,POST,,data-busy-label=Consultando…,inventariado; execucao pendente,,,,,,,,
src/apps/hub/templates/hub/parcelamentos.html,31,button,Cancelar,,POST,,data-modal-close=,inventariado; execucao pendente,,,,,,,,
src/apps/hub/templates/hub/parcelamentos.html,44,button,{% if agreement.detail_operation.status == 'failed' %}Revisar nova tentativa{% else %}Consultar detalhes{% endif %},,,,data-modal-open=detail-review-{{ agreement.number }},inventariado; execucao pendente,,,,,,,,
src/apps/hub/templates/hub/parcelamentos.html,50,button,×,,,,data-modal-close=,inventariado; execucao pendente,,,,,,,,
src/apps/hub/templates/hub/parcelamentos.html,50,form,{% csrf_token %} {% if parcelamento_demo %}Confirmar simulação{% else %}Autorizar consulta{% endif %} Cancelar,,POST,,,inventariado; execucao pendente,,,,,,,,
src/apps/hub/templates/hub/parcelamentos.html,50,button,{% if parcelamento_demo %}Confirmar simulação{% else %}Autorizar consulta{% endif %},,POST,,data-busy-label=Consultando…,inventariado; execucao pendente,,,,,,,,
src/apps/hub/templates/hub/parcelamentos.html,50,button,Cancelar,,POST,,data-modal-close=,inventariado; execucao pendente,,,,,,,,
src/apps/hub/templates/hub/parcelamentos.html,52,button,{% if parcelamento_available_installments %}Atualizar parcelas disponíveis{% else %}Consultar parcelas disponíveis{% endif %},,,,data-modal-open=installments-review,inventariado; execucao pendente,,,,,,,,
src/apps/hub/templates/hub/parcelamentos.html,52,button,×,,,,data-modal-close=,inventariado; execucao pendente,,,,,,,,
src/apps/hub/templates/hub/parcelamentos.html,52,form,{% csrf_token %} Autorizar consulta Cancelar,,POST,,,inventariado; execucao pendente,,,,,,,,
src/apps/hub/templates/hub/parcelamentos.html,52,button,Autorizar consulta,,POST,,data-busy-label=Consultando…,inventariado; execucao pendente,,,,,,,,
src/apps/hub/templates/hub/parcelamentos.html,52,button,Cancelar,,POST,,data-modal-close=,inventariado; execucao pendente,,,,,,,,
src/apps/hub/templates/hub/parcelamentos.html,59,a,Baixar DAS fictício,,,{% url 'hub:demo-parcelamento-das-pdf' parcelamento_company.id installment.agreement installment.competence %},,inventariado; execucao pendente,,,,,,,,
src/apps/hub/templates/hub/parcelamentos.html,59,a,Baixar DAS,,,{% url 'hub:parcelamento-das-pdf' installment.operation.id %},,inventariado; execucao pendente,,,,,,,,
src/apps/hub/templates/hub/parcelamentos.html,59,button,{% if parcelamento_demo %}Simular emissão{% elif installment.operation %}Revisar nova emissão{% else %}Emitir DAS{% endif %},,,,data-modal-open=issue-review-{{ installment.competence }},inventariado; execucao pendente,,,,,,,,
src/apps/hub/templates/hub/parcelamentos.html,60,button,×,,,,data-modal-close=,inventariado; execucao pendente,,,,,,,,
src/apps/hub/templates/hub/parcelamentos.html,60,form,{% csrf_token %} {% if parcelamento_demo %}Gerar DAS fictício{% else %}Autorizar emissão{% endif %} Cancelar,,POST,,,inventariado; execucao pendente,,,,,,,,
src/apps/hub/templates/hub/parcelamentos.html,60,button,{% if parcelamento_demo %}Gerar DAS fictício{% else %}Autorizar emissão{% endif %},,POST,,data-busy-label=Emitindo…,inventariado; execucao pendente,,,,,,,,
src/apps/hub/templates/hub/parcelamentos.html,60,button,Cancelar,,POST,,data-modal-close=,inventariado; execucao pendente,,,,,,,,
src/apps/hub/templates/hub/parcelamentos.html,67,summary,Referência para suporte,,,,,inventariado; execucao pendente,,,,,,,,
src/apps/hub/templates/hub/parcelamentos.html,67,button,Registrar conferência,,,,data-modal-open=release-review-{{ operation.id }},inventariado; execucao pendente,,,,,,,,
src/apps/hub/templates/hub/parcelamentos.html,68,button,×,,,,data-modal-close=,inventariado; execucao pendente,,,,,,,,
src/apps/hub/templates/hub/parcelamentos.html,68,form,{% csrf_token %} Conferi o resultado no e-CAC Registrar e liberar tentativa Cancelar,,POST,,,inventariado; execucao pendente,,,,,,,,
src/apps/hub/templates/hub/parcelamentos.html,68,input:checkbox,yes,confirmed,POST,,,inventariado; execucao pendente,,,,,,,,
src/apps/hub/templates/hub/parcelamentos.html,68,button,Registrar e liberar tentativa,,POST,,,inventariado; execucao pendente,,,,,,,,
src/apps/hub/templates/hub/parcelamentos.html,68,button,Cancelar,,POST,,data-modal-close=,inventariado; execucao pendente,,,,,,,,
src/apps/hub/templates/hub/parcelamentos.html,69,a,Anterior,,,?{{ parcelamento_operations_querystring }}&operation_page={{ parcelamento_operations_page.previous_page_number }}#history-heading,,inventariado; execucao pendente,,,,,,,,
src/apps/hub/templates/hub/parcelamentos.html,69,a,Próxima,,,?{{ parcelamento_operations_querystring }}&operation_page={{ parcelamento_operations_page.next_page_number }}#history-heading,,inventariado; execucao pendente,,,,,,,,
src/apps/hub/templates/hub/parcelamentos.html,76,form,"Empresa, CNPJ ou código Domínio Pesquisar {% if parcelamento_search %} Limpar {% endif %}",,GET,,,inventariado; execucao pendente,,,,,,,,
src/apps/hub/templates/hub/parcelamentos.html,76,input:search,{{ parcelamento_search }},parcelamento-search,GET,,,inventariado; execucao pendente,,,,,,,,
src/apps/hub/templates/hub/parcelamentos.html,76,button,Pesquisar,,GET,,,inventariado; execucao pendente,,,,,,,,
src/apps/hub/templates/hub/parcelamentos.html,76,a,Limpar,,GET,{% url 'hub:parcelamentos' %},,inventariado; execucao pendente,,,,,,,,
src/apps/hub/templates/hub/parcelamentos.html,77,form,{% csrf_token %} {% if can_authorize %} Selecionar esta página Revisar seleção e custo {% else %} Seu perfil é somente consulta; você pode abrir resultados já registrados. {% endif,parcelamento-bulk-form,POST,,"data-parcelamento-demo={{ parcelamento_demo|yesno:'true,false' }} data-tokens-per-operation={{ parcelamento_orders_quote.tokens_per_operation|default:0 }} data-included-remaining={{ parcelamento_orders_quote.included_rem",inventariado; execucao pendente,,,,,,,,
src/apps/hub/templates/hub/parcelamentos.html,78,input:checkbox,Selecionar esta página,parcelamento-select-all,POST,,,inventariado; execucao pendente,,,,,,,,
src/apps/hub/templates/hub/parcelamentos.html,78,button,Revisar seleção e custo,parcelamento-submit,POST,,data-modal-open=parcelamento-bulk-review,inventariado; execucao pendente,,,,,,,,
src/apps/hub/templates/hub/parcelamentos.html,79,input:checkbox,{{ company.id }},selected_company,POST,,,inventariado; execucao pendente,,,,,,,,
src/apps/hub/templates/hub/parcelamentos.html,79,a,Abrir empresa,,POST,?{% if parcelamento_portfolio_querystring %}{{ parcelamento_portfolio_querystring }}&{% endif %}company={{ company.id }}#company-heading,,inventariado; execucao pendente,,,,,,,,
src/apps/hub/templates/hub/parcelamentos.html,80,a,Anterior,,POST,?{% if parcelamento_portfolio_querystring %}{{ parcelamento_portfolio_querystring }}&{% endif %}page={{ parcelamento_portfolio_page.previous_page_number }}#portfolio-heading,,inventariado; execucao pendente,,,,,,,,
src/apps/hub/templates/hub/parcelamentos.html,80,a,Próxima,,POST,?{% if parcelamento_portfolio_querystring %}{{ parcelamento_portfolio_querystring }}&{% endif %}page={{ parcelamento_portfolio_page.next_page_number }}#portfolio-heading,,inventariado; execucao pendente,,,,,,,,
src/apps/hub/templates/hub/parcelamentos.html,81,button,×,,POST,,data-modal-close=,inventariado; execucao pendente,,,,,,,,
src/apps/hub/templates/hub/parcelamentos.html,81,button,{% if parcelamento_demo %}Confirmar simulação{% else %}Autorizar consultas{% endif %},,POST,,data-busy-label=Consultando…,inventariado; execucao pendente,,,,,,,,
src/apps/hub/templates/hub/parcelamentos.html,81,button,Cancelar,,POST,,data-modal-close=,inventariado; execucao pendente,,,,,,,,
src/apps/hub/templates/hub/partials/activity_assignment.html,5,summary,Alterar responsável,,,,,inventariado; execucao pendente,,,,,,,,
src/apps/hub/templates/hub/partials/activity_assignment.html,6,form,{% csrf_token %} {{ assignment_form.expected_assignee }} {% if assignment_form.errors %} Confira a atribuição {{ assignment_form.non_field_errors }} {% for field in assignment_form,,POST,,,inventariado; execucao pendente,,,,,,,,
src/apps/hub/templates/hub/partials/activity_assignment.html,13,a,{{ field.label }}: {{ error }},,POST,#{{ field.id_for_label }},,inventariado; execucao pendente,,,,,,,,
src/apps/hub/templates/hub/partials/activity_assignment.html,18,button,Salvar responsável,,POST,,data-busy-label=Salvando…,inventariado; execucao pendente,,,,,,,,
src/apps/hub/templates/hub/partials/activity_origin.html,5,a,{{ activity_origin.label }},,,{{ activity_origin.url }},,inventariado; execucao pendente,,,,,,,,
src/apps/hub/templates/hub/partials/closing_dashboard.html,2,summary,FECHAMENTOS DA CARTEIRA Conferir fechamento por empresa {% if closing_error %}Corrija a competência para continuar {% elif closing_status_counts.attention %}{{ closing_status_count,,,,,inventariado; execucao pendente,,,,,,,,
src/apps/hub/templates/hub/partials/closing_dashboard.html,16,form,Competência do fechamento {% if closing_error %} {{ closing_error }} {% endif %} Ver competência,,GET,,,inventariado; execucao pendente,,,,,,,,
src/apps/hub/templates/hub/partials/closing_dashboard.html,23,input:month,{{ closing_month }},closing-month,GET,,,inventariado; execucao pendente,,,,,,,,
src/apps/hub/templates/hub/partials/closing_dashboard.html,26,button,Ver competência,,GET,,data-busy-label=Atualizando…,inventariado; execucao pendente,,,,,,,,
src/apps/hub/templates/hub/partials/closing_dashboard.html,44,a,Ver primeira pendência,,,#closing-attention-1,,inventariado; execucao pendente,,,,,,,,
src/apps/hub/templates/hub/partials/closing_dashboard.html,53,a,Configurar modelos,,,{% url 'hub:activity-models' %},,inventariado; execucao pendente,,,,,,,,
src/apps/hub/templates/hub/partials/closing_dashboard.html,79,summary,Fechamentos comprovados Sem ação pendente nesta competência {{ closing_status_counts.completed }},,,,,inventariado; execucao pendente,,,,,,,,
src/apps/hub/templates/hub/partials/closing_dashboard.html,92,summary,Cobertura a configurar Não significa conclusão nem dispensa {{ closing_unconfigured_rows|length }} {% if closing_unconfigured_rows|length == 1 %}combinação{% else %}combinações{% e,,,,,inventariado; execucao pendente,,,,,,,,
src/apps/hub/templates/hub/partials/closing_dashboard.html,99,a,{{ row.company.name }},,,{% url 'hub:company-detail' row.company.pk %},,inventariado; execucao pendente,,,,,,,,
src/apps/hub/templates/hub/partials/closing_dashboard.html,101,a,Configurar modelos de atividade,,,{% url 'hub:activity-models' %},,inventariado; execucao pendente,,,,,,,,
src/apps/hub/templates/hub/partials/closing_dashboard.html,108,a,Empresas anteriores,,,?view={{ dashboard_view }}&filter={{ selected_agenda_filter }}&closing_month={{ closing_month }}&closing_page={{ closing_page.previous_page_number }}&closing_open=1&page={{ agenda_page.number }}#closi,,inventariado; execucao pendente,,,,,,,,
src/apps/hub/templates/hub/partials/closing_dashboard.html,110,a,Próximas empresas,,,?view={{ dashboard_view }}&filter={{ selected_agenda_filter }}&closing_month={{ closing_month }}&closing_page={{ closing_page.next_page_number }}&closing_open=1&page={{ agenda_page.number }}#closing-h,,inventariado; execucao pendente,,,,,,,,
src/apps/hub/templates/hub/partials/closing_row.html,18,a,{% if row.assessment.status == 'completed' %}Abrir comprovante{% else %}Conferir atividade{% endif %},,,{% url 'hub:activity-detail' row.next_activity.pk %},,inventariado; execucao pendente,,,,,,,,
src/apps/hub/templates/hub/partials/closing_row.html,18,a,Abrir empresa,,,{% url 'hub:company-detail' row.company.pk %},,inventariado; execucao pendente,,,,,,,,
src/apps/hub/templates/hub/partials/closing_row.html,21,summary,Ver {{ row.items|length }} atividade{{ row.items|length|pluralize }} e comprovantes,,,,,inventariado; execucao pendente,,,,,,,,
src/apps/hub/templates/hub/partials/closing_row.html,25,a,{{ item.activity.title }},,,{% url 'hub:activity-detail' item.activity.pk %},,inventariado; execucao pendente,,,,,,,,
src/apps/hub/templates/hub/partials/closing_row.html,33,a,Abrir ficha de {{ row.company.name }},,,{% url 'hub:company-detail' row.company.pk %},,inventariado; execucao pendente,,,,,,,,
src/apps/hub/templates/hub/partials/dte_activity_context.html,6,a,Consultar resumo da mensagem,,,{{ dte_summary_url }},,inventariado; execucao pendente,,,,,,,,
src/apps/hub/templates/hub/partials/empty_state.html,6,a,{{ action_label }},,,{{ action_url }},,inventariado; execucao pendente,,,,,,,,
src/apps/hub/templates/hub/partials/empty_state.html,6,a,{{ secondary_label }},,,{{ secondary_url }},,inventariado; execucao pendente,,,,,,,,
src/apps/hub/templates/hub/partials/guide_history.html,18,summary,Referências para suporte,,,,,inventariado; execucao pendente,,,,,,,,
src/apps/hub/templates/hub/partials/guide_history.html,19,a,Baixar PDF da tentativa {{ event.attempt }},,,{% url 'hub:guide-attempt-pdf' guide.id event.id %},,inventariado; execucao pendente,,,,,,,,
src/apps/hub/templates/hub/partials/guide_history.html,25,a,Estados mais recentes,,,?{% if guide_history_query %}{{ guide_history_query }}&{% endif %}history_page={{ guide_history_page.previous_page_number }}#historico,,inventariado; execucao pendente,,,,,,,,
src/apps/hub/templates/hub/partials/guide_history.html,27,a,Estados anteriores,,,?{% if guide_history_query %}{{ guide_history_query }}&{% endif %}history_page={{ guide_history_page.next_page_number }}#historico,,inventariado; execucao pendente,,,,,,,,
src/apps/hub/templates/hub/partials/guides_official_queue.html,27,a,Baixar DARF{% if office.is_demo %} fictício{% endif %} de {{ guide.company.name }},,,{% if office.is_demo %}{% url 'hub:demo-guide-pdf' guide.id %}{% else %}{% url 'hub:guide-pdf' guide.id %}{% endif %},,inventariado; execucao pendente,,,,,,,,
src/apps/hub/templates/hub/partials/guides_official_queue.html,28,a,Ver detalhes,,,{% url 'hub:guide-detail' guide.id %}?return_to={{ request.get_full_path|urlencode }},,inventariado; execucao pendente,,,,,,,,
src/apps/hub/templates/hub/partials/guides_official_queue.html,30,button,{% if guide.status == 'failed' %}Tentar novamente{% elif office.is_demo %}Simular emissão{% else %}Emitir agora{% endif %},,,,data-modal-open=issue-guide-{{ guide.id }},inventariado; execucao pendente,,,,,,,,
src/apps/hub/templates/hub/partials/guides_official_queue.html,31,a,Ver detalhes,,,{% url 'hub:guide-detail' guide.id %}?return_to={{ request.get_full_path|urlencode }},,inventariado; execucao pendente,,,,,,,,
src/apps/hub/templates/hub/partials/guides_official_queue.html,33,a,Acompanhar emissão,,,{% url 'hub:guide-detail' guide.id %}?return_to={{ request.get_full_path|urlencode }},,inventariado; execucao pendente,,,,,,,,
src/apps/hub/templates/hub/partials/guides_official_queue.html,35,a,Resolver resultado,,,{% url 'hub:guide-detail' guide.id %}?return_to={{ request.get_full_path|urlencode }},,inventariado; execucao pendente,,,,,,,,
src/apps/hub/templates/hub/partials/guides_official_queue.html,37,a,Conferir documentos,,,{% url 'hub:dctfweb-consult' %}?company={{ guide.company.id }}&competence={{ guide.competence|urlencode }},,inventariado; execucao pendente,,,,,,,,
src/apps/hub/templates/hub/partials/guides_official_queue.html,39,a,Ver detalhes,,,{% url 'hub:guide-detail' guide.id %}?return_to={{ request.get_full_path|urlencode }},,inventariado; execucao pendente,,,,,,,,
src/apps/hub/templates/hub/partials/guides_official_queue.html,47,a,Anterior,,,?{{ guide_querystring }}&page={{ guide_page.previous_page_number }},,inventariado; execucao pendente,,,,,,,,
src/apps/hub/templates/hub/partials/guides_official_queue.html,47,a,Próxima,,,?{{ guide_querystring }}&page={{ guide_page.next_page_number }},,inventariado; execucao pendente,,,,,,,,
src/apps/hub/templates/hub/partials/guides_official_queue.html,55,button,×,,,,data-modal-close=,inventariado; execucao pendente,,,,,,,,
src/apps/hub/templates/hub/partials/guides_official_queue.html,60,form,{% csrf_token %} {% if office.is_demo %}Gerar resultado fictício{% elif guide.status == 'failed' %}Confirmar nova tentativa{% else %}Confirmar emissão{% endif %} Cancelar,,POST,{% url 'hub:issue-guide' guide.id %},,inventariado; execucao pendente,,,,,,,,
src/apps/hub/templates/hub/partials/guides_official_queue.html,62,button,{% if office.is_demo %}Gerar resultado fictício{% elif guide.status == 'failed' %}Confirmar nova tentativa{% else %}Confirmar emissão{% endif %},,POST,{% url 'hub:issue-guide' guide.id %},data-busy-label=Enviando…,inventariado; execucao pendente,,,,,,,,
src/apps/hub/templates/hub/partials/guides_official_queue.html,63,button,Cancelar,,POST,{% url 'hub:issue-guide' guide.id %},data-modal-close=,inventariado; execucao pendente,,,,,,,,
src/apps/hub/templates/hub/partials/guides_official_queue.html,71,a,Limpar filtros,,,{% url 'hub:guides' %},,inventariado; execucao pendente,,,,,,,,
src/apps/hub/templates/hub/partials/guides_official_queue.html,71,a,Ver origem e sincronização,,,{% url 'hub:settings' %}#dominio,,inventariado; execucao pendente,,,,,,,,
src/apps/hub/templates/hub/partials/onboarding_tour.html,15,form,{% csrf_token %} {{ onboarding_tour.title }} {% for step in onboarding_tour.steps %} Passo {{ forloop.counter }} de {{ onboarding_tour.steps|length }} {{ step.title }} {{ step.body,,DIALOG,,,inventariado; execucao pendente,,,,,,,,
src/apps/hub/templates/hub/partials/onboarding_tour.html,28,button,Pular,,DIALOG,,data-onboarding-skip=,inventariado; execucao pendente,,,,,,,,
src/apps/hub/templates/hub/partials/onboarding_tour.html,29,button,Voltar,,DIALOG,,data-onboarding-back=,inventariado; execucao pendente,,,,,,,,
src/apps/hub/templates/hub/partials/onboarding_tour.html,30,button,Avançar,,DIALOG,,data-onboarding-next=,inventariado; execucao pendente,,,,,,,,
src/apps/hub/templates/hub/partials/onboarding_tour.html,31,button,Entendi,,DIALOG,,data-onboarding-done=,inventariado; execucao pendente,,,,,,,,
src/apps/hub/templates/hub/partials/onboarding_tour.html,32,button,×,,DIALOG,,data-onboarding-close=,inventariado; execucao pendente,,,,,,,,
src/apps/hub/templates/hub/partials/payroll_activity_context.html,5,a,Conferir folha desta competência,,,{{ payroll_review_url }},,inventariado; execucao pendente,,,,,,,,
src/apps/hub/templates/hub/partials/payroll_import_preview.html,25,a,Linhas anteriores,,,?{{ payroll_preview_querystring }}&preview_page={{ payroll_preview_page.previous_page_number }}#payroll-preview,,inventariado; execucao pendente,,,,,,,,
src/apps/hub/templates/hub/partials/payroll_import_preview.html,27,a,Próximas linhas,,,?{{ payroll_preview_querystring }}&preview_page={{ payroll_preview_page.next_page_number }}#payroll-preview,,inventariado; execucao pendente,,,,,,,,
src/apps/hub/templates/hub/partials/reconciliation_configuration_section.html,8,summary,{{ create_label }},,,,,inventariado; execucao pendente,,,,,,,,
src/apps/hub/templates/hub/partials/reconciliation_configuration_section.html,9,form,{% csrf_token %} {% if form.errors %} Confira os dados. {% for error in form.non_field_errors %} {{ error }} {% endfor %}{% for field in form %}{% if field.errors %} {{ field.label,,POST,,,inventariado; execucao pendente,,,,,,,,
src/apps/hub/templates/hub/partials/reconciliation_configuration_section.html,11,a,{{ field.label }},,POST,#{{ field.id_for_label }},,inventariado; execucao pendente,,,,,,,,
src/apps/hub/templates/hub/partials/reconciliation_configuration_section.html,15,button,{{ submit_label }},,POST,,data-busy-label=Salvando…,inventariado; execucao pendente,,,,,,,,
src/apps/hub/templates/hub/partials/reconciliation_configuration_section.html,20,form,{% csrf_token %} {% if item.active %}Desativar{% else %}Ativar{% endif %},,POST,,,inventariado; execucao pendente,,,,,,,,
src/apps/hub/templates/hub/partials/reconciliation_configuration_section.html,20,button,{% if item.active %}Desativar{% else %}Ativar{% endif %},,POST,,data-busy-label=Salvando…,inventariado; execucao pendente,,,,,,,,
src/apps/hub/templates/hub/partials/reconciliation_configuration_section.html,21,a,{{ create_label }},,,#{{ section_id }}-form,data-open-details=,inventariado; execucao pendente,,,,,,,,
src/apps/hub/templates/hub/partials/reconciliation_configuration_section.html,22,a,Anterior,,,?{{ querystring }}&{{ page_param }}={{ page.previous_page_number }}#{{ section_id }},,inventariado; execucao pendente,,,,,,,,
src/apps/hub/templates/hub/partials/reconciliation_configuration_section.html,22,a,Próxima,,,?{{ querystring }}&{{ page_param }}={{ page.next_page_number }}#{{ section_id }},,inventariado; execucao pendente,,,,,,,,
src/apps/hub/templates/hub/partials/reconciliation_decisions.html,14,summary,Consultar evidência preservada,,,,,inventariado; execucao pendente,,,,,,,,
src/apps/hub/templates/hub/partials/reconciliation_decisions.html,20,a,Decisões mais recentes,,,?{% if reconciliation_decision_querystring %}{{ reconciliation_decision_querystring }}&{% endif %}decision_page={{ reconciliation_decision_page.previous_page_number }}#decisoes,,inventariado; execucao pendente,,,,,,,,
src/apps/hub/templates/hub/partials/reconciliation_decisions.html,22,a,Decisões anteriores,,,?{% if reconciliation_decision_querystring %}{{ reconciliation_decision_querystring }}&{% endif %}decision_page={{ reconciliation_decision_page.next_page_number }}#decisoes,,inventariado; execucao pendente,,,,,,,,
src/apps/hub/templates/hub/partials/reconciliation_source_context.html,6,a,Voltar à atividade,,,{% url 'hub:activity-detail' selected_reconciliation_activity.pk %},,inventariado; execucao pendente,,,,,,,,
src/apps/hub/templates/hub/partials/reconciliation_source_context.html,7,a,Ver todos os arquivos,,,{% url 'hub:reconciliation' %},,inventariado; execucao pendente,,,,,,,,
src/apps/hub/templates/hub/partials/reconciliation_upload_form.html,1,form,{% csrf_token %} {% if upload_form.errors %} Confira os campos do envio. {% if upload_form.non_field_errors %} {{ upload_form.non_field_errors }}{% endif %} {% endif %} Empresa {{ ,,POST,{% url 'hub:reconciliation-upload' %},data-reconciliation-upload=,inventariado; execucao pendente,,,,,,,,
src/apps/hub/templates/hub/partials/reconciliation_upload_form.html,5,input:search,,,POST,{% url 'hub:reconciliation-upload' %},data-company-search=,inventariado; execucao pendente,,,,,,,,
src/apps/hub/templates/hub/partials/reconciliation_upload_form.html,22,button,Importar arquivos,,POST,{% url 'hub:reconciliation-upload' %},data-upload-submit=,inventariado; execucao pendente,,,,,,,,
src/apps/hub/templates/hub/partials/reconciliation_upload_form.html,22,button,Cancelar,,POST,{% url 'hub:reconciliation-upload' %},data-modal-close=,inventariado; execucao pendente,,,,,,,,
src/apps/hub/templates/hub/partials/search_results.html,3,a,{{ result.title }} {% if result.detail %} {{ result.detail }} {% endif %},,,{{ result.url }},data-search-result=,inventariado; execucao pendente,,,,,,,,
src/apps/hub/templates/hub/partials/search_results.html,4,a,Ver empresas,,,{% url 'hub:companies' %},,inventariado; execucao pendente,,,,,,,,
src/apps/hub/templates/hub/password_reset_complete.html,4,a,Entrar na CICA,,,{% url 'hub:login' %},,inventariado; execucao pendente,,,,,,,,
src/apps/hub/templates/hub/password_reset_confirm.html,4,form,{% csrf_token %}{% include 'hub/auth_fields.html' %} Salvar nova senha,,POST,,,inventariado; execucao pendente,,,,,,,,
src/apps/hub/templates/hub/password_reset_confirm.html,4,button,Salvar nova senha,,POST,,,inventariado; execucao pendente,,,,,,,,
src/apps/hub/templates/hub/password_reset_confirm.html,4,a,Pedir novo link,,,{% url 'hub:password-reset' %},,inventariado; execucao pendente,,,,,,,,
src/apps/hub/templates/hub/password_reset_done.html,4,a,Voltar para entrar,,,{% url 'hub:login' %},,inventariado; execucao pendente,,,,,,,,
src/apps/hub/templates/hub/password_reset_form.html,4,form,{% csrf_token %}{% include 'hub/auth_fields.html' %} Enviar link de redefinição,,POST,,,inventariado; execucao pendente,,,,,,,,
src/apps/hub/templates/hub/password_reset_form.html,4,button,Enviar link de redefinição,,POST,,,inventariado; execucao pendente,,,,,,,,
src/apps/hub/templates/hub/password_reset_form.html,4,a,Voltar para entrar,,,{% url 'hub:login' %},,inventariado; execucao pendente,,,,,,,,
src/apps/hub/templates/hub/plan_simulator.html,6,select,Até 20 empresas 21 a 50 empresas 51 a 150 empresas,company-band,,,,inventariado; execucao pendente,,,,,,,,
src/apps/hub/templates/hub/plan_simulator.html,8,input:checkbox,249,plan_module,,,,inventariado; execucao pendente,,,,,,,,
src/apps/hub/templates/hub/plan_simulator.html,9,input:checkbox,169,plan_module,,,,inventariado; execucao pendente,,,,,,,,
src/apps/hub/templates/hub/plan_simulator.html,10,input:checkbox,99,plan_module,,,,inventariado; execucao pendente,,,,,,,,
src/apps/hub/templates/hub/plan_simulator.html,11,input:checkbox,79,plan_module,,,,inventariado; execucao pendente,,,,,,,,
src/apps/hub/templates/hub/plan_simulator.html,12,input:checkbox,129,plan_module,,,,inventariado; execucao pendente,,,,,,,,
src/apps/hub/templates/hub/plan_simulator.html,13,input:checkbox,59,plan_module,,,,inventariado; execucao pendente,,,,,,,,
src/apps/hub/templates/hub/plan_simulator.html,16,summary,Descontos e faixas,,,,,inventariado; execucao pendente,,,,,,,,
src/apps/hub/templates/hub/proposal.html,5,form,{% csrf_token %}{% include 'hub/auth_fields.html' %} Consultamos os dados públicos do CNPJ na BrasilAPI. Solicitar teste gratuito,,POST,,data-cnpj-lookup={% url 'hub:proposal-cnpj' %},inventariado; execucao pendente,,,,,,,,
src/apps/hub/templates/hub/proposal.html,5,button,Solicitar teste gratuito,,POST,,,inventariado; execucao pendente,,,,,,,,
src/apps/hub/templates/hub/proposal.html,5,a,Entrar no escritório.,,,{% url 'hub:login' %},,inventariado; execucao pendente,,,,,,,,
src/apps/hub/templates/hub/reconciliation.html,3,button,Nova importação,,,,data-modal-open=reconciliation-upload-dialog,inventariado; execucao pendente,,,,,,,,
src/apps/hub/templates/hub/reconciliation.html,8,a,1. Importar,,,#visao-geral,data-reconciliation-tab=,inventariado; execucao pendente,,,,,,,,
src/apps/hub/templates/hub/reconciliation.html,8,a,2. Processar,,,#processamentos,data-reconciliation-tab=,inventariado; execucao pendente,,,,,,,,
src/apps/hub/templates/hub/reconciliation.html,8,a,3. Revisar,,,#movimentos,data-reconciliation-tab=,inventariado; execucao pendente,,,,,,,,
src/apps/hub/templates/hub/reconciliation.html,8,a,4. Exportar,,,#exportacoes,data-reconciliation-tab=,inventariado; execucao pendente,,,,,,,,
src/apps/hub/templates/hub/reconciliation.html,8,a,Conferir OFX,,,#conciliacao-ofx,data-reconciliation-tab=,inventariado; execucao pendente,,,,,,,,
src/apps/hub/templates/hub/reconciliation.html,11,a,Configurar referências,,,{% url 'hub:reconciliation-configuration' %},,inventariado; execucao pendente,,,,,,,,
src/apps/hub/templates/hub/reconciliation.html,14,a,{{ reconciliation_next_action.label }},,,{{ reconciliation_next_action.href }},,inventariado; execucao pendente,,,,,,,,
src/apps/hub/templates/hub/reconciliation.html,14,button,{{ reconciliation_next_action.label }},,,,data-modal-open=reconciliation-upload-dialog,inventariado; execucao pendente,,,,,,,,
src/apps/hub/templates/hub/reconciliation.html,17,a,Ver todos,,,#movimentos,,inventariado; execucao pendente,,,,,,,,
src/apps/hub/templates/hub/reconciliation.html,18,a,Comparar,,,#movimentos,,inventariado; execucao pendente,,,,,,,,
src/apps/hub/templates/hub/reconciliation.html,19,a,Abrir fila,,,?movement_review=pending#movimentos,,inventariado; execucao pendente,,,,,,,,
src/apps/hub/templates/hub/reconciliation.html,20,a,Ver evidências,,,#movimentos,,inventariado; execucao pendente,,,,,,,,
src/apps/hub/templates/hub/reconciliation.html,26,a,{{ run.guidance.label }},,,{{ run.guidance.href }},,inventariado; execucao pendente,,,,,,,,
src/apps/hub/templates/hub/reconciliation.html,26,a,Mapear,,,{% url 'hub:reconciliation-mapping' run.source_file.id %},,inventariado; execucao pendente,,,,,,,,
src/apps/hub/templates/hub/reconciliation.html,26,form,{% csrf_token %} Cancelar,,POST,{% url 'hub:reconciliation-run-action' run.id %},,inventariado; execucao pendente,,,,,,,,
src/apps/hub/templates/hub/reconciliation.html,26,button,Cancelar,,POST,{% url 'hub:reconciliation-run-action' run.id %},,inventariado; execucao pendente,,,,,,,,
src/apps/hub/templates/hub/reconciliation.html,26,form,{% csrf_token %} Reaplicar regras,,POST,{% url 'hub:reconciliation-run-action' run.id %},,inventariado; execucao pendente,,,,,,,,
src/apps/hub/templates/hub/reconciliation.html,26,button,Reaplicar regras,,POST,{% url 'hub:reconciliation-run-action' run.id %},,inventariado; execucao pendente,,,,,,,,
src/apps/hub/templates/hub/reconciliation.html,26,form,{% csrf_token %} Reprocessar arquivo,,POST,{% url 'hub:reconciliation-run-action' run.id %},,inventariado; execucao pendente,,,,,,,,
src/apps/hub/templates/hub/reconciliation.html,26,button,Reprocessar arquivo,,POST,{% url 'hub:reconciliation-run-action' run.id %},,inventariado; execucao pendente,,,,,,,,
src/apps/hub/templates/hub/reconciliation.html,26,a,Anterior,,,?{% if reconciliation_runs_querystring %}{{ reconciliation_runs_querystring }}&{% endif %}processing_page={{ reconciliation_runs_page.previous_page_number }}#processamentos,,inventariado; execucao pendente,,,,,,,,
src/apps/hub/templates/hub/reconciliation.html,26,a,Próxima,,,?{% if reconciliation_runs_querystring %}{{ reconciliation_runs_querystring }}&{% endif %}processing_page={{ reconciliation_runs_page.next_page_number }}#processamentos,,inventariado; execucao pendente,,,,,,,,
src/apps/hub/templates/hub/reconciliation.html,26,button,Nova importação,,,,data-modal-open=reconciliation-upload-dialog,inventariado; execucao pendente,,,,,,,,
src/apps/hub/templates/hub/reconciliation.html,31,form,{% if selected_reconciliation_source %} {% endif %} Empresa Todas {% for company in companies %} {{ company.name }}{% if company.dominio_code %} · Domínio {{ company.dominio_code },,GET,,,inventariado; execucao pendente,,,,,,,,
src/apps/hub/templates/hub/reconciliation.html,31,input:search,,,GET,,data-company-search=,inventariado; execucao pendente,,,,,,,,
src/apps/hub/templates/hub/reconciliation.html,31,select,Todas {% for company in companies %} {{ company.name }}{% if company.dominio_code %} · Domínio {{ company.dominio_code }}{% endif %} {% endfor %},movement-company,GET,,,inventariado; execucao pendente,,,,,,,,
src/apps/hub/templates/hub/reconciliation.html,31,select,Todas Pendente Pronto Conflito Ignorado,movement-review,GET,,,inventariado; execucao pendente,,,,,,,,
src/apps/hub/templates/hub/reconciliation.html,31,select,Todas Regra Manual Sugestão Sem classificação,movement-classification,GET,,,inventariado; execucao pendente,,,,,,,,
src/apps/hub/templates/hub/reconciliation.html,31,input:search,{{ normalized_movement_filters.query }},movement-query,GET,,,inventariado; execucao pendente,,,,,,,,
src/apps/hub/templates/hub/reconciliation.html,31,button,Filtrar,,GET,,,inventariado; execucao pendente,,,,,,,,
src/apps/hub/templates/hub/reconciliation.html,31,a,Limpar,,GET,{% url 'hub:reconciliation' %}{% if selected_reconciliation_source %}?source_file={{ selected_reconciliation_source.pk }}{% endif %}#movimentos,,inventariado; execucao pendente,,,,,,,,
src/apps/hub/templates/hub/reconciliation.html,32,a,Limpar filtros,,,{% url 'hub:reconciliation' %}{% if selected_reconciliation_source %}?source_file={{ selected_reconciliation_source.pk }}{% endif %}#movimentos,,inventariado; execucao pendente,,,,,,,,
src/apps/hub/templates/hub/reconciliation.html,33,form,{% csrf_token %} Nenhum movimento selecionado Ação Devolver para revisão Ignorar Motivo registrado na auditoria Aplicar aos selecionados Selecionar Data Empresa e origem Histórico ,,POST,{% url 'hub:reconciliation-movement-bulk-action' %},data-movement-bulk-form=,inventariado; execucao pendente,,,,,,,,
src/apps/hub/templates/hub/reconciliation.html,33,select,Devolver para revisão Ignorar,reconciliation-bulk-action,POST,{% url 'hub:reconciliation-movement-bulk-action' %},,inventariado; execucao pendente,,,,,,,,
src/apps/hub/templates/hub/reconciliation.html,33,input:text,Motivo registrado na auditoria,reconciliation-bulk-reason,POST,{% url 'hub:reconciliation-movement-bulk-action' %},,inventariado; execucao pendente,,,,,,,,
src/apps/hub/templates/hub/reconciliation.html,33,button,Aplicar aos selecionados,,POST,{% url 'hub:reconciliation-movement-bulk-action' %},,inventariado; execucao pendente,,,,,,,,
src/apps/hub/templates/hub/reconciliation.html,33,input:checkbox,{{ movement.id }},movement_ids,POST,{% url 'hub:reconciliation-movement-bulk-action' %},data-movement-target=,inventariado; execucao pendente,,,,,,,,
src/apps/hub/templates/hub/reconciliation.html,33,a,Conferir,,POST,{% url 'hub:reconciliation-movement' movement.id %}?return_to={{ request.get_full_path|urlencode }},,inventariado; execucao pendente,,,,,,,,
src/apps/hub/templates/hub/reconciliation.html,33,a,Anterior,,,?{% if normalized_movement_querystring %}{{ normalized_movement_querystring }}&{% endif %}movement_page={{ normalized_movement_page.previous_page_number }}#movimentos,,inventariado; execucao pendente,,,,,,,,
src/apps/hub/templates/hub/reconciliation.html,33,a,Próxima,,,?{% if normalized_movement_querystring %}{{ normalized_movement_querystring }}&{% endif %}movement_page={{ normalized_movement_page.next_page_number }}#movimentos,,inventariado; execucao pendente,,,,,,,,
src/apps/hub/templates/hub/reconciliation.html,33,a,Limpar filtros,,,{% url 'hub:reconciliation' %}{% if selected_reconciliation_source %}?source_file={{ selected_reconciliation_source.pk }}{% endif %}#movimentos,,inventariado; execucao pendente,,,,,,,,
src/apps/hub/templates/hub/reconciliation.html,38,form,{% csrf_token %} Empresa {% for company in companies %} {{ company.name }}{% if company.dominio_code %} · Domínio {{ company.dominio_code }}{% endif %} {% endfor %} Início Fim Vali,,POST,{% url 'hub:reconciliation-export-create' %},,inventariado; execucao pendente,,,,,,,,
src/apps/hub/templates/hub/reconciliation.html,38,input:search,,,POST,{% url 'hub:reconciliation-export-create' %},data-company-search=,inventariado; execucao pendente,,,,,,,,
src/apps/hub/templates/hub/reconciliation.html,38,select,{% for company in companies %} {{ company.name }}{% if company.dominio_code %} · Domínio {{ company.dominio_code }}{% endif %} {% endfor %},reconciliation-export-company,POST,{% url 'hub:reconciliation-export-create' %},,inventariado; execucao pendente,,,,,,,,
src/apps/hub/templates/hub/reconciliation.html,38,input:date,Início,period_start,POST,{% url 'hub:reconciliation-export-create' %},,inventariado; execucao pendente,,,,,,,,
src/apps/hub/templates/hub/reconciliation.html,38,input:date,Fim,period_end,POST,{% url 'hub:reconciliation-export-create' %},,inventariado; execucao pendente,,,,,,,,
src/apps/hub/templates/hub/reconciliation.html,38,button,Validar e gerar arquivo,,POST,{% url 'hub:reconciliation-export-create' %},,inventariado; execucao pendente,,,,,,,,
src/apps/hub/templates/hub/reconciliation.html,39,a,Baixar arquivo,,,{% url 'hub:reconciliation-export-download' export.id %},,inventariado; execucao pendente,,,,,,,,
src/apps/hub/templates/hub/reconciliation.html,39,summary,Confirmar importação,,,,,inventariado; execucao pendente,,,,,,,,
src/apps/hub/templates/hub/reconciliation.html,39,form,{% csrf_token %} Confirmo que o arquivo {{ export.content_hash|slice:':12' }} foi importado no Domínio. Registrar confirmação,,POST,{% url 'hub:reconciliation-export-confirm' export.id %},,inventariado; execucao pendente,,,,,,,,
src/apps/hub/templates/hub/reconciliation.html,39,input:checkbox,yes,confirm_import,POST,{% url 'hub:reconciliation-export-confirm' export.id %},,inventariado; execucao pendente,,,,,,,,
src/apps/hub/templates/hub/reconciliation.html,39,button,Registrar confirmação,,POST,{% url 'hub:reconciliation-export-confirm' export.id %},,inventariado; execucao pendente,,,,,,,,
src/apps/hub/templates/hub/reconciliation.html,39,summary,Gerar novamente,,,,,inventariado; execucao pendente,,,,,,,,
src/apps/hub/templates/hub/reconciliation.html,39,form,{% csrf_token %} Motivo da nova geração Gerar cópia auditada,,POST,{% url 'hub:reconciliation-export-create' %},,inventariado; execucao pendente,,,,,,,,
src/apps/hub/templates/hub/reconciliation.html,39,input:text,Motivo da nova geração,reexport-reason-{{ export.id }},POST,{% url 'hub:reconciliation-export-create' %},,inventariado; execucao pendente,,,,,,,,
src/apps/hub/templates/hub/reconciliation.html,39,button,Gerar cópia auditada,,POST,{% url 'hub:reconciliation-export-create' %},,inventariado; execucao pendente,,,,,,,,
src/apps/hub/templates/hub/reconciliation.html,39,a,Anterior,,,?{% if accounting_exports_querystring %}{{ accounting_exports_querystring }}&{% endif %}export_page={{ accounting_exports_page.previous_page_number }}#exportacoes,,inventariado; execucao pendente,,,,,,,,
src/apps/hub/templates/hub/reconciliation.html,39,a,Próxima,,,?{% if accounting_exports_querystring %}{{ accounting_exports_querystring }}&{% endif %}export_page={{ accounting_exports_page.next_page_number }}#exportacoes,,inventariado; execucao pendente,,,,,,,,
src/apps/hub/templates/hub/reconciliation.html,49,a,Abrir fila,,,?status=attention,,inventariado; execucao pendente,,,,,,,,
src/apps/hub/templates/hub/reconciliation.html,50,a,Revisar,,,?status=ambiguous,,inventariado; execucao pendente,,,,,,,,
src/apps/hub/templates/hub/reconciliation.html,51,a,Ver evidências,,,?status=matched,,inventariado; execucao pendente,,,,,,,,
src/apps/hub/templates/hub/reconciliation.html,53,form,"Empresa, código Domínio ou histórico Situação Exigem atenção Revisar correspondência Sem correspondência Conciliados Todos Pesquisar carteira {% if match_search or match_status != ",,GET,,,inventariado; execucao pendente,,,,,,,,
src/apps/hub/templates/hub/reconciliation.html,54,input:search,{{ match_search }},reconciliation-search,GET,,,inventariado; execucao pendente,,,,,,,,
src/apps/hub/templates/hub/reconciliation.html,55,select,Exigem atenção Revisar correspondência Sem correspondência Conciliados Todos,reconciliation-status,GET,,,inventariado; execucao pendente,,,,,,,,
src/apps/hub/templates/hub/reconciliation.html,56,button,Pesquisar carteira,,GET,,,inventariado; execucao pendente,,,,,,,,
src/apps/hub/templates/hub/reconciliation.html,57,a,Limpar filtros,,GET,{% url 'hub:reconciliation' %},,inventariado; execucao pendente,,,,,,,,
src/apps/hub/templates/hub/reconciliation.html,62,button,Comparar candidatos,,,,data-modal-open=confirm-match-{{ match.id }},inventariado; execucao pendente,,,,,,,,
src/apps/hub/templates/hub/reconciliation.html,64,a,Anterior,,,?{{ match_querystring }}&page={{ match_page.previous_page_number }},,inventariado; execucao pendente,,,,,,,,
src/apps/hub/templates/hub/reconciliation.html,64,a,Próxima,,,?{{ match_querystring }}&page={{ match_page.next_page_number }},,inventariado; execucao pendente,,,,,,,,
src/apps/hub/templates/hub/reconciliation.html,66,a,Ver todos os lançamentos,,,?status=all,,inventariado; execucao pendente,,,,,,,,
src/apps/hub/templates/hub/reconciliation.html,68,button,Importar OFX,,,,data-modal-open=reconciliation-upload-dialog,inventariado; execucao pendente,,,,,,,,
src/apps/hub/templates/hub/reconciliation.html,71,button,×,,,,data-modal-close=,inventariado; execucao pendente,,,,,,,,
src/apps/hub/templates/hub/reconciliation.html,71,form,{% csrf_token %} Lançamento contábil correspondente {% for entry in match.candidates %} {{ entry.description|default:'Lançamento sem histórico' }} · {{ entry.direction }} · R$ {{ e,,POST,{% url 'hub:confirm-reconciliation' match.id %},,inventariado; execucao pendente,,,,,,,,
src/apps/hub/templates/hub/reconciliation.html,71,select,{% for entry in match.candidates %} {{ entry.description|default:'Lançamento sem histórico' }} · {{ entry.direction }} · R$ {{ entry.amount_brl|floatformat:2 }} · {{ entry.source_l,source-entry-{{ match.id }},POST,{% url 'hub:confirm-reconciliation' match.id %},,inventariado; execucao pendente,,,,,,,,
src/apps/hub/templates/hub/reconciliation.html,71,button,Confirmar correspondência{% if reconciliation_demo %} fictícia{% endif %},,POST,{% url 'hub:confirm-reconciliation' match.id %},,inventariado; execucao pendente,,,,,,,,
src/apps/hub/templates/hub/reconciliation.html,71,button,Cancelar,,POST,{% url 'hub:confirm-reconciliation' match.id %},data-modal-close=,inventariado; execucao pendente,,,,,,,,
src/apps/hub/templates/hub/reconciliation.html,74,button,×,,,,data-modal-close=,inventariado; execucao pendente,,,,,,,,
src/apps/hub/templates/hub/reconciliation_audit.html,11,a,Voltar à conciliação,,,{% url 'hub:reconciliation' %},,inventariado; execucao pendente,,,,,,,,
src/apps/hub/templates/hub/reconciliation_audit.html,24,a,{{ error }},,,#audit-filters,,inventariado; execucao pendente,,,,,,,,
src/apps/hub/templates/hub/reconciliation_audit.html,25,form,Pessoa ou referência Atividade Todas as atividades {% for action in reconciliation_audit_actions %} {{ action.label }} {% endfor %} Resultado Todos Concluídos Com falha De Até Apli,audit-filters,GET,,,inventariado; execucao pendente,,,,,,,,
src/apps/hub/templates/hub/reconciliation_audit.html,26,input:search,{{ reconciliation_audit_search }},audit-query,GET,,,inventariado; execucao pendente,,,,,,,,
src/apps/hub/templates/hub/reconciliation_audit.html,27,select,Todas as atividades {% for action in reconciliation_audit_actions %} {{ action.label }} {% endfor %},audit-action,GET,,,inventariado; execucao pendente,,,,,,,,
src/apps/hub/templates/hub/reconciliation_audit.html,28,select,Todos Concluídos Com falha,audit-result,GET,,,inventariado; execucao pendente,,,,,,,,
src/apps/hub/templates/hub/reconciliation_audit.html,29,input:date,{{ reconciliation_audit_date_from }},audit-date-from,GET,,,inventariado; execucao pendente,,,,,,,,
src/apps/hub/templates/hub/reconciliation_audit.html,30,input:date,{{ reconciliation_audit_date_to }},audit-date-to,GET,,,inventariado; execucao pendente,,,,,,,,
src/apps/hub/templates/hub/reconciliation_audit.html,31,button,Aplicar filtros,,GET,,,inventariado; execucao pendente,,,,,,,,
src/apps/hub/templates/hub/reconciliation_audit.html,31,a,Limpar filtros,,GET,{% url 'hub:reconciliation-audit' %},,inventariado; execucao pendente,,,,,,,,
src/apps/hub/templates/hub/reconciliation_audit.html,51,summary,Detalhes técnicos,,,,,inventariado; execucao pendente,,,,,,,,
src/apps/hub/templates/hub/reconciliation_audit.html,57,a,Ver todo o histórico,,,{% url 'hub:reconciliation-audit' %},,inventariado; execucao pendente,,,,,,,,
src/apps/hub/templates/hub/reconciliation_audit.html,59,a,Anterior,,,?{% if reconciliation_audit_querystring %}{{ reconciliation_audit_querystring }}&{% endif %}page={{ reconciliation_audit_page.previous_page_number }},,inventariado; execucao pendente,,,,,,,,
src/apps/hub/templates/hub/reconciliation_audit.html,59,a,Próxima,,,?{% if reconciliation_audit_querystring %}{{ reconciliation_audit_querystring }}&{% endif %}page={{ reconciliation_audit_page.next_page_number }},,inventariado; execucao pendente,,,,,,,,
src/apps/hub/templates/hub/reconciliation_configuration.html,6,a,Abrir auditoria,,,{% url 'hub:reconciliation-audit' %},,inventariado; execucao pendente,,,,,,,,
src/apps/hub/templates/hub/reconciliation_configuration.html,6,a,Voltar à conciliação,,,{% url 'hub:reconciliation' %},,inventariado; execucao pendente,,,,,,,,
src/apps/hub/templates/hub/reconciliation_configuration.html,7,a,Escolher empresa,,,#reconciliation-configuration-company,,inventariado; execucao pendente,,,,,,,,
src/apps/hub/templates/hub/reconciliation_configuration.html,8,form,Empresa {% if not reconciliation_configuration_company %} Escolha uma empresa… {% endif %}{% for company in companies %} {{ company.name }}{% if company.dominio_code %} · Domínio {,,GET,,,inventariado; execucao pendente,,,,,,,,
src/apps/hub/templates/hub/reconciliation_configuration.html,8,input:search,,,GET,,data-company-search=,inventariado; execucao pendente,,,,,,,,
src/apps/hub/templates/hub/reconciliation_configuration.html,8,select,{% if not reconciliation_configuration_company %} Escolha uma empresa… {% endif %}{% for company in companies %} {{ company.name }}{% if company.dominio_code %} · Domínio {{ compan,reconciliation-configuration-company,GET,,,inventariado; execucao pendente,,,,,,,,
src/apps/hub/templates/hub/reconciliation_configuration.html,8,button,Abrir configuração,,GET,,,inventariado; execucao pendente,,,,,,,,
src/apps/hub/templates/hub/reconciliation_configuration.html,10,a,{{ reconciliation_setup_next_action.label }},,,{{ reconciliation_setup_next_action.href }},data-open-details{%=,inventariado; execucao pendente,,,,,,,,
src/apps/hub/templates/hub/reconciliation_configuration.html,11,a,Plano de contas,,,#plano-contas,,inventariado; execucao pendente,,,,,,,,
src/apps/hub/templates/hub/reconciliation_configuration.html,11,a,Contas financeiras,,,#contas-financeiras,,inventariado; execucao pendente,,,,,,,,
src/apps/hub/templates/hub/reconciliation_configuration.html,11,a,Centros de custo,,,#centros-custo,,inventariado; execucao pendente,,,,,,,,
src/apps/hub/templates/hub/reconciliation_configuration.html,11,a,Períodos,,,#periodos,,inventariado; execucao pendente,,,,,,,,
src/apps/hub/templates/hub/reconciliation_configuration.html,11,a,Regras e layouts,,,#regras-layouts,,inventariado; execucao pendente,,,,,,,,
src/apps/hub/templates/hub/reconciliation_configuration.html,12,a,Plano de contas Essencial {{ reconciliation_setup_status.ledger_accounts }} conta{{ reconciliation_setup_status.ledger_accounts|pluralize }} apta{{ reconciliation_setup_status.ledg,,,#plano-contas,,inventariado; execucao pendente,,,,,,,,
src/apps/hub/templates/hub/reconciliation_configuration.html,12,a,Contas financeiras Para extratos {{ reconciliation_setup_status.financial_accounts }} conta{{ reconciliation_setup_status.financial_accounts|pluralize }} ativa{{ reconciliation_set,,,#contas-financeiras,,inventariado; execucao pendente,,,,,,,,
src/apps/hub/templates/hub/reconciliation_configuration.html,12,a,Períodos Proteção opcional {{ reconciliation_setup_status.locked_periods }} bloqueado{{ reconciliation_setup_status.locked_periods|pluralize }} em {{ reconciliation_setup_status.pe,,,#periodos,,inventariado; execucao pendente,,,,,,,,
src/apps/hub/templates/hub/reconciliation_configuration.html,12,a,Automação Opcional {{ reconciliation_setup_status.active_layouts }} layout{{ reconciliation_setup_status.active_layouts|pluralize }} e {{ reconciliation_setup_status.active_rules },,,#regras-layouts,,inventariado; execucao pendente,,,,,,,,
src/apps/hub/templates/hub/reconciliation_configuration.html,23,summary,Adicionar período de controle,,,,,inventariado; execucao pendente,,,,,,,,
src/apps/hub/templates/hub/reconciliation_configuration.html,23,form,{% csrf_token %} {% if accounting_period_form.errors %} Confira o período. {% for error in accounting_period_form.non_field_errors %} {{ error }} {% endfor %}{% for field in accoun,,POST,,,inventariado; execucao pendente,,,,,,,,
src/apps/hub/templates/hub/reconciliation_configuration.html,23,a,{{ field.label }},,POST,#{{ field.id_for_label }},,inventariado; execucao pendente,,,,,,,,
src/apps/hub/templates/hub/reconciliation_configuration.html,23,button,Criar período,,POST,,data-busy-label=Salvando…,inventariado; execucao pendente,,,,,,,,
src/apps/hub/templates/hub/reconciliation_configuration.html,24,summary,{% if period.locked_at %}Reabrir período{% else %}Bloquear período{% endif %},,,,,inventariado; execucao pendente,,,,,,,,
src/apps/hub/templates/hub/reconciliation_configuration.html,24,form,{% csrf_token %} Motivo da {% if period.locked_at %}reabertura{% else %}proteção{% endif %} Confirmar {% if period.locked_at %}reabertura{% else %}bloqueio{% endif %},,POST,,,inventariado; execucao pendente,,,,,,,,
src/apps/hub/templates/hub/reconciliation_configuration.html,24,input:text,Motivo da {% if period.locked_at %}reabertura{% else %}proteção{% endif %},period-reason-{{ period.id }},POST,,,inventariado; execucao pendente,,,,,,,,
src/apps/hub/templates/hub/reconciliation_configuration.html,24,button,Confirmar {% if period.locked_at %}reabertura{% else %}bloqueio{% endif %},,POST,,data-busy-label=Salvando…,inventariado; execucao pendente,,,,,,,,
src/apps/hub/templates/hub/reconciliation_configuration.html,24,a,Adicionar período de controle,,,#periodos-form,data-open-details=,inventariado; execucao pendente,,,,,,,,
src/apps/hub/templates/hub/reconciliation_configuration.html,25,a,Anterior,,,?{{ accounting_periods_querystring }}&period_page={{ accounting_periods_page.previous_page_number }}#periodos,,inventariado; execucao pendente,,,,,,,,
src/apps/hub/templates/hub/reconciliation_configuration.html,25,a,Próxima,,,?{{ accounting_periods_querystring }}&period_page={{ accounting_periods_page.next_page_number }}#periodos,,inventariado; execucao pendente,,,,,,,,
src/apps/hub/templates/hub/reconciliation_configuration.html,31,form,{% csrf_token %} {% if layout.active %}Desativar{% else %}Ativar{% endif %},,POST,,,inventariado; execucao pendente,,,,,,,,
src/apps/hub/templates/hub/reconciliation_configuration.html,31,button,{% if layout.active %}Desativar{% else %}Ativar{% endif %},,POST,,data-busy-label=Salvando…,inventariado; execucao pendente,,,,,,,,
src/apps/hub/templates/hub/reconciliation_configuration.html,31,a,Importar arquivo,,,{% url 'hub:reconciliation' %}#visao-geral,,inventariado; execucao pendente,,,,,,,,
src/apps/hub/templates/hub/reconciliation_configuration.html,31,a,Anterior,,,?{{ reconciliation_layouts_querystring }}&layout_page={{ reconciliation_layouts_page.previous_page_number }}#regras-layouts,,inventariado; execucao pendente,,,,,,,,
src/apps/hub/templates/hub/reconciliation_configuration.html,31,a,Próxima,,,?{{ reconciliation_layouts_querystring }}&layout_page={{ reconciliation_layouts_page.next_page_number }}#regras-layouts,,inventariado; execucao pendente,,,,,,,,
src/apps/hub/templates/hub/reconciliation_configuration.html,32,form,{% csrf_token %} {% if rule.state == 'active' %}Desativar{% else %}Ativar{% endif %},,POST,,,inventariado; execucao pendente,,,,,,,,
src/apps/hub/templates/hub/reconciliation_configuration.html,32,button,{% if rule.state == 'active' %}Desativar{% else %}Ativar{% endif %},,POST,,data-busy-label=Salvando…,inventariado; execucao pendente,,,,,,,,
src/apps/hub/templates/hub/reconciliation_configuration.html,32,a,Anterior,,,?{{ reconciliation_rules_querystring }}&rule_page={{ reconciliation_rules_page.previous_page_number }}#regras-layouts,,inventariado; execucao pendente,,,,,,,,
src/apps/hub/templates/hub/reconciliation_configuration.html,32,a,Próxima,,,?{{ reconciliation_rules_querystring }}&rule_page={{ reconciliation_rules_page.next_page_number }}#regras-layouts,,inventariado; execucao pendente,,,,,,,,
src/apps/hub/templates/hub/reconciliation_configuration.html,34,summary,Criar regra manual,,,,,inventariado; execucao pendente,,,,,,,,
src/apps/hub/templates/hub/reconciliation_configuration.html,34,form,{% csrf_token %} {% if reconciliation_rule_form.errors %} Confira a regra. {% for error in reconciliation_rule_form.non_field_errors %} {{ error }} {% endfor %}{% for field in reco,,POST,,,inventariado; execucao pendente,,,,,,,,
src/apps/hub/templates/hub/reconciliation_configuration.html,34,a,{{ field.label }},,POST,#{{ field.id_for_label }},,inventariado; execucao pendente,,,,,,,,
src/apps/hub/templates/hub/reconciliation_configuration.html,34,button,Salvar regra,,POST,,data-busy-label=Salvando…,inventariado; execucao pendente,,,,,,,,
src/apps/hub/templates/hub/reconciliation_mapping.html,10,a,Voltar às importações,,,{% url 'hub:reconciliation' %}#processamentos,,inventariado; execucao pendente,,,,,,,,
src/apps/hub/templates/hub/reconciliation_mapping.html,19,form,"{% csrf_token %} {% if mapping_errors %} Revise o mapeamento {% for target, error in mapping_errors %} {{ error }} {% endfor %} {% endif %} Nome do layout * Use um nome que você re",,POST,,data-reconciliation-mapping-form=,inventariado; execucao pendente,,,,,,,,
src/apps/hub/templates/hub/reconciliation_mapping.html,24,a,{{ error }},,POST,#{{ target }},,inventariado; execucao pendente,,,,,,,,
src/apps/hub/templates/hub/reconciliation_mapping.html,30,input:text,{{ mapping_name }},layout-name,POST,,,inventariado; execucao pendente,,,,,,,,
src/apps/hub/templates/hub/reconciliation_mapping.html,42,select,Não mapear {% for header in mapping_preview.headers %} {{ header }} {% endfor %},map-{{ field }},POST,,data-mapping-field={{ field }},inventariado; execucao pendente,,,,,,,,
src/apps/hub/templates/hub/reconciliation_mapping.html,55,button,Salvar layout e processar,,POST,,data-busy-label=Salvando e processando…,inventariado; execucao pendente,,,,,,,,
src/apps/hub/templates/hub/reconciliation_movement.html,10,a,Voltar aos movimentos,,,{% back_url 'hub:reconciliation' %}#movimentos,,inventariado; execucao pendente,,,,,,,,
src/apps/hub/templates/hub/reconciliation_movement.html,14,a,{{ movement_workflow.label }},,,{{ movement_workflow.href }},,inventariado; execucao pendente,,,,,,,,
src/apps/hub/templates/hub/reconciliation_movement.html,20,form,{% csrf_token %} {% if movement_form.errors %} Confira os dados da revisão. {% for error in movement_form.non_field_errors %} {{ error }} {% endfor %}{% for field in movement_form ,movement-review-form,POST,,,inventariado; execucao pendente,,,,,,,,
src/apps/hub/templates/hub/reconciliation_movement.html,22,a,{{ field.label }},,POST,#{{ field.id_for_label }},,inventariado; execucao pendente,,,,,,,,
src/apps/hub/templates/hub/reconciliation_movement.html,28,button,Salvar revisão,action,POST,,,inventariado; execucao pendente,,,,,,,,
src/apps/hub/templates/hub/reconciliation_movement.html,30,summary,{% if movement.review_state == 'ignored' %}Restaurar movimento{% else %}Outras ações{% endif %},,,,,inventariado; execucao pendente,,,,,,,,
src/apps/hub/templates/hub/reconciliation_movement.html,31,form,{% csrf_token %} Salvar correção como regra,,POST,,,inventariado; execucao pendente,,,,,,,,
src/apps/hub/templates/hub/reconciliation_movement.html,31,button,Salvar correção como regra,action,POST,,,inventariado; execucao pendente,,,,,,,,
src/apps/hub/templates/hub/reconciliation_movement.html,32,form,{% csrf_token %} Restaurar para revisão,,POST,,,inventariado; execucao pendente,,,,,,,,
src/apps/hub/templates/hub/reconciliation_movement.html,32,button,Restaurar para revisão,,POST,,,inventariado; execucao pendente,,,,,,,,
src/apps/hub/templates/hub/reconciliation_movement.html,32,form,{% csrf_token %} Motivo para ignorar Ignorar movimento,,POST,,,inventariado; execucao pendente,,,,,,,,
src/apps/hub/templates/hub/reconciliation_movement.html,32,input:text,Motivo para ignorar,ignore-reason,POST,,,inventariado; execucao pendente,,,,,,,,
src/apps/hub/templates/hub/reconciliation_movement.html,32,button,Ignorar movimento,,POST,,,inventariado; execucao pendente,,,,,,,,
src/apps/hub/templates/hub/reconciliation_movement.html,37,form,{% csrf_token %} Validar e aprovar lançamento,,POST,,,inventariado; execucao pendente,,,,,,,,
src/apps/hub/templates/hub/reconciliation_movement.html,37,button,Validar e aprovar lançamento,action,POST,,,inventariado; execucao pendente,,,,,,,,
src/apps/hub/templates/hub/reconciliation_movement.html,39,form,{% csrf_token %} Gerar lançamento rascunho,,POST,,,inventariado; execucao pendente,,,,,,,,
src/apps/hub/templates/hub/reconciliation_movement.html,39,button,Gerar lançamento rascunho,action,POST,,,inventariado; execucao pendente,,,,,,,,
src/apps/hub/templates/hub/reconciliation_movement.html,54,form,{% csrf_token %} Desfazer,,POST,,,inventariado; execucao pendente,,,,,,,,
src/apps/hub/templates/hub/reconciliation_movement.html,54,button,Desfazer,,POST,,,inventariado; execucao pendente,,,,,,,,
src/apps/hub/templates/hub/reconciliation_movement.html,58,form,{% csrf_token %} Conciliar com registro existente Lançamento independente {% for suggestion in reconciliation_candidates %} {{ suggestion.entry.occurred_on|date:'SHORT_DATE_FORMAT',,POST,,data-reconciliation-confirm-form=,inventariado; execucao pendente,,,,,,,,
src/apps/hub/templates/hub/reconciliation_movement.html,61,select,{% for suggestion in reconciliation_candidates %} {{ suggestion.entry.occurred_on|date:'SHORT_DATE_FORMAT' }} · {{ suggestion.entry.history }} — {{ suggestion.reasons }} · disponív,entry-id,POST,,,inventariado; execucao pendente,,,,,,,,
src/apps/hub/templates/hub/reconciliation_movement.html,62,input:number,{{ reconciliation_candidates.0.allocation_limit_input }},amount-brl,POST,,,inventariado; execucao pendente,,,,,,,,
src/apps/hub/templates/hub/reconciliation_movement.html,63,input:text,Evidência da relação,evidence-note,POST,,,inventariado; execucao pendente,,,,,,,,
src/apps/hub/templates/hub/reconciliation_movement.html,64,button,Confirmar conciliação,,POST,,,inventariado; execucao pendente,,,,,,,,
src/apps/hub/templates/hub/reconciliation_movement.html,67,a,Anterior,,,?{% if reconciliation_candidate_querystring %}{{ reconciliation_candidate_querystring }}&{% endif %}candidate_page={{ reconciliation_candidate_page.previous_page_number }},,inventariado; execucao pendente,,,,,,,,
src/apps/hub/templates/hub/reconciliation_movement.html,67,a,Próxima,,,?{% if reconciliation_candidate_querystring %}{{ reconciliation_candidate_querystring }}&{% endif %}candidate_page={{ reconciliation_candidate_page.next_page_number }},,inventariado; execucao pendente,,,,,,,,
src/apps/hub/templates/hub/reconciliation_movement.html,72,a,{{ movement.source_file.original_filename }},,,{% url 'hub:reconciliation-source-download' movement.source_file.id %},,inventariado; execucao pendente,,,,,,,,
src/apps/hub/templates/hub/reconciliation_movement.html,72,a,Abrir PDF na página indicada,,,{% url 'hub:reconciliation-source-preview' movement.source_file.id %}#page={{ movement.source_reference.page|default:1 }},,inventariado; execucao pendente,,,,,,,,
src/apps/hub/templates/hub/reform.html,10,form,"Buscar publicação Fonte oficial Todas as fontes {% for value, label in sources %} {{ label }} {% endfor %} Tema Reforma e fiscal {% for value, label in relevances %} {{ label }} {%",,GET,,,inventariado; execucao pendente,,,,,,,,
src/apps/hub/templates/hub/reform.html,11,input:search,{{ radar_search }},radar-search,GET,,,inventariado; execucao pendente,,,,,,,,
src/apps/hub/templates/hub/reform.html,12,select,"Todas as fontes {% for value, label in sources %} {{ label }} {% endfor %}",filtro-fonte,GET,,,inventariado; execucao pendente,,,,,,,,
src/apps/hub/templates/hub/reform.html,13,select,"Reforma e fiscal {% for value, label in relevances %} {{ label }} {% endfor %}",filtro-relevancia,GET,,,inventariado; execucao pendente,,,,,,,,
src/apps/hub/templates/hub/reform.html,14,select,Qualquer data Últimos 7 dias Últimos 30 dias Últimos 90 dias,filtro-periodo,GET,,,inventariado; execucao pendente,,,,,,,,
src/apps/hub/templates/hub/reform.html,15,button,Aplicar filtros,,GET,,,inventariado; execucao pendente,,,,,,,,
src/apps/hub/templates/hub/reform.html,16,a,Limpar filtros,,GET,{% url 'hub:reform' %},,inventariado; execucao pendente,,,,,,,,
src/apps/hub/templates/hub/reform.html,29,a,{% if radar_can_request_analysis %}Analisar impacto{% else %}Ver análises{% endif %} da publicação {{ alert.title }},,,{% url 'hub:reform-analysis' alert.id %}?return_to={{ request.get_full_path|urlencode }},,inventariado; execucao pendente,,,,,,,,
src/apps/hub/templates/hub/reform.html,30,a,{% if radar_demo %}Conhecer fonte oficial{% else %}Abrir fonte oficial{% endif %} da publicação {{ alert.title }} em nova aba,,,{{ alert.source_url }},,inventariado; execucao pendente,,,,,,,,
src/apps/hub/templates/hub/reform.html,35,a,Anterior,,,?{% if alert_querystring %}{{ alert_querystring }}&{% endif %}page={{ alert_page.previous_page_number }},,inventariado; execucao pendente,,,,,,,,
src/apps/hub/templates/hub/reform.html,35,a,Próxima,,,?{% if alert_querystring %}{{ alert_querystring }}&{% endif %}page={{ alert_page.next_page_number }},,inventariado; execucao pendente,,,,,,,,
src/apps/hub/templates/hub/reform.html,37,a,Ver todas as publicações,,,{% url 'hub:reform' %},,inventariado; execucao pendente,,,,,,,,
src/apps/hub/templates/hub/reform.html,41,summary,Situação das fontes oficiais {% if radar_source_has_error %} Fonte com falha {% endif %},,,,,inventariado; execucao pendente,,,,,,,,
src/apps/hub/templates/hub/reform_analysis.html,6,a,Voltar às publicações,,,{% back_url 'hub:reform' %},,inventariado; execucao pendente,,,,,,,,
src/apps/hub/templates/hub/reform_analysis.html,13,a,Abrir fonte oficial em nova aba,,,{{ radar_source_url }},,inventariado; execucao pendente,,,,,,,,
src/apps/hub/templates/hub/reform_analysis.html,19,form,{% csrf_token %} {% if analysis_form.errors %} Confira os dados da análise {{ analysis_form.non_field_errors }} {% for field in analysis_form %}{% for error in field.errors %} {{ f,,POST,,data-radar-analysis-form=,inventariado; execucao pendente,,,,,,,,
src/apps/hub/templates/hub/reform_analysis.html,21,a,{{ field.label }}: {{ error }},,POST,#{{ field.id_for_label }},,inventariado; execucao pendente,,,,,,,,
src/apps/hub/templates/hub/reform_analysis.html,23,input:search,Localizar empresa na carteira,radar-company-filter,POST,,data-company-filter=,inventariado; execucao pendente,,,,,,,,
src/apps/hub/templates/hub/reform_analysis.html,26,button,Criar ou retomar atividade de análise,,POST,,data-busy-label=Criando atividade…,inventariado; execucao pendente,,,,,,,,
src/apps/hub/templates/hub/reform_analysis.html,33,a,Abrir atividade de {{ item.company.name }},,,{% url 'hub:activity-detail' item.pk %},,inventariado; execucao pendente,,,,,,,,
src/apps/hub/templates/hub/reform_analysis.html,33,a,Anterior,,,?page={{ radar_activity_page.previous_page_number }}{% if request.GET.return_to %}&return_to={{ request.GET.return_to|urlencode }}{% endif %},,inventariado; execucao pendente,,,,,,,,
src/apps/hub/templates/hub/reform_analysis.html,33,a,Próxima,,,?page={{ radar_activity_page.next_page_number }}{% if request.GET.return_to %}&return_to={{ request.GET.return_to|urlencode }}{% endif %},,inventariado; execucao pendente,,,,,,,,
src/apps/hub/templates/hub/review_detail.html,3,a,Voltar às NFS-e,,,{% back_url 'hub:reviews' 'hub:nfse-center' %},,inventariado; execucao pendente,,,,,,,,
src/apps/hub/templates/hub/review_detail.html,22,a,Baixar XML Domínio,,,{% url 'hub:review-dominio-xml' review.id %},,inventariado; execucao pendente,,,,,,,,
src/apps/hub/templates/hub/review_detail.html,22,a,Baixar XML original,,,{% url 'hub:review-original-xml' review.id %},,inventariado; execucao pendente,,,,,,,,
src/apps/hub/templates/hub/review_detail.html,27,form,"{% csrf_token %} Acumulador desta NFS-e {% for accumulator_code, accumulator_name in review_accumulator_options %} {{ accumulator_name }} {% endfor %} Escolha um acumulador já cada",,POST,{% url 'hub:resolve-review' review.id %}?return_to={{ request.GET.return_to|urlencode }},,inventariado; execucao pendente,,,,,,,,
src/apps/hub/templates/hub/review_detail.html,27,input:text,{{ review.suggested_accumulator }},review-accumulator,POST,{% url 'hub:resolve-review' review.id %}?return_to={{ request.GET.return_to|urlencode }},,inventariado; execucao pendente,,,,,,,,
src/apps/hub/templates/hub/review_detail.html,27,button,Registrar decisão conferida,,POST,{% url 'hub:resolve-review' review.id %}?return_to={{ request.GET.return_to|urlencode }},,inventariado; execucao pendente,,,,,,,,
src/apps/hub/templates/hub/review_detail.html,27,a,Decidir depois,,POST,{% back_url 'hub:reviews' 'hub:nfse-center' %},,inventariado; execucao pendente,,,,,,,,
src/apps/hub/templates/hub/reviews.html,11,form,"Empresa, código Domínio, NSU, motivo ou acumulador Situação Aguardando decisão Resolvidas Todas Pesquisar fila {% if review_search or review_status != 'open' %} Limpar filtros {% e",,GET,,,inventariado; execucao pendente,,,,,,,,
src/apps/hub/templates/hub/reviews.html,12,input:search,{{ review_search }},review-search,GET,,,inventariado; execucao pendente,,,,,,,,
src/apps/hub/templates/hub/reviews.html,13,select,Aguardando decisão Resolvidas Todas,review-status,GET,,,inventariado; execucao pendente,,,,,,,,
src/apps/hub/templates/hub/reviews.html,14,button,Pesquisar fila,,GET,,,inventariado; execucao pendente,,,,,,,,
src/apps/hub/templates/hub/reviews.html,15,a,Limpar filtros,,GET,{% url 'hub:reviews' %},,inventariado; execucao pendente,,,,,,,,
src/apps/hub/templates/hub/reviews.html,25,a,{% if case.status == 'open' %}Conferir e decidir{% else %}Ver decisão{% endif %} {{ case.document.company.name }},,,{% url 'hub:review-detail' case.id %}?return_to={{ request.get_full_path|urlencode }},,inventariado; execucao pendente,,,,,,,,
src/apps/hub/templates/hub/reviews.html,32,a,Anterior,,,?q={{ review_search|urlencode }}&status={{ review_status|urlencode }}&page={{ review_page.previous_page_number }},,inventariado; execucao pendente,,,,,,,,
src/apps/hub/templates/hub/reviews.html,32,a,Próxima,,,?q={{ review_search|urlencode }}&status={{ review_status|urlencode }}&page={{ review_page.next_page_number }},,inventariado; execucao pendente,,,,,,,,
src/apps/hub/templates/hub/search.html,3,form,Busca Buscar,,GET,,,inventariado; execucao pendente,,,,,,,,
src/apps/hub/templates/hub/search.html,4,input:search,{{ search_query }},search-page-input,GET,,,inventariado; execucao pendente,,,,,,,,
src/apps/hub/templates/hub/search.html,5,button,Buscar,,GET,,data-busy-label=Buscando…,inventariado; execucao pendente,,,,,,,,
src/apps/hub/templates/hub/settings.html,4,a,Integração Domínio,,,#dominio,,inventariado; execucao pendente,,,,,,,,
src/apps/hub/templates/hub/settings.html,4,a,Contrato e módulos,,,#meu-plano,,inventariado; execucao pendente,,,,,,,,
src/apps/hub/templates/hub/settings.html,4,a,Consumo,,,#consumo,,inventariado; execucao pendente,,,,,,,,
src/apps/hub/templates/hub/settings.html,4,a,Caixas de e-mail,,,{% url 'hub:triage-connections' %},,inventariado; execucao pendente,,,,,,,,
src/apps/hub/templates/hub/settings.html,4,a,Primeiros passos,,,{% url 'hub:setup' %},,inventariado; execucao pendente,,,,,,,,
src/apps/hub/templates/hub/settings.html,5,form,"{% csrf_token %} Vigência Confirmo o valor do token, a mensalidade, a franquia, os pesos e o teto mensal. Aceitar termos para a vigência escolhida",,POST,,,inventariado; execucao pendente,,,,,,,,
src/apps/hub/templates/hub/settings.html,5,input:date,{{ token_effective_min }},token-effective-from,POST,,,inventariado; execucao pendente,,,,,,,,
src/apps/hub/templates/hub/settings.html,5,input:checkbox,"Confirmo o valor do token, a mensalidade, a franquia, os pesos e o teto mensal.",accept-token-terms,POST,,,inventariado; execucao pendente,,,,,,,,
src/apps/hub/templates/hub/settings.html,5,button,Aceitar termos para a vigência escolhida,,POST,,,inventariado; execucao pendente,,,,,,,,
src/apps/hub/templates/hub/settings.html,55,form,{% csrf_token %} Atualizar agora,,POST,,data-dominio-sync-form=,inventariado; execucao pendente,,,,,,,,
src/apps/hub/templates/hub/settings.html,55,button,Atualizar agora,,POST,,,inventariado; execucao pendente,,,,,,,,
src/apps/hub/templates/hub/settings.html,55,button,Resolver,,,,data-modal-open=dominio-help,inventariado; execucao pendente,,,,,,,,
src/apps/hub/templates/hub/settings.html,57,button,Resolver,,,,data-modal-open=dominio-help,inventariado; execucao pendente,,,,,,,,
src/apps/hub/templates/hub/settings.html,61,form,{% csrf_token %} Gerar código para o servidor,,POST,{% url 'hub:dominio-agent-enrollment' %},,inventariado; execucao pendente,,,,,,,,
src/apps/hub/templates/hub/settings.html,61,button,Gerar código para o servidor,,POST,{% url 'hub:dominio-agent-enrollment' %},,inventariado; execucao pendente,,,,,,,,
src/apps/hub/templates/hub/settings.html,69,button,×,,,,data-modal-close=,inventariado; execucao pendente,,,,,,,,
src/apps/hub/templates/hub/settings.html,71,form,{% csrf_token %} Tentar novamente,,POST,,data-dominio-sync-form=,inventariado; execucao pendente,,,,,,,,
src/apps/hub/templates/hub/settings.html,71,button,Tentar novamente,,POST,,,inventariado; execucao pendente,,,,,,,,
src/apps/hub/templates/hub/settings.html,71,form,{% csrf_token %} Abrir chamado,,POST,,,inventariado; execucao pendente,,,,,,,,
src/apps/hub/templates/hub/settings.html,71,button,Abrir chamado,,POST,,,inventariado; execucao pendente,,,,,,,,
src/apps/hub/templates/hub/settings.html,87,form,{% csrf_token %} {% if require_dominio_code %} Tornar opcional {% else %} Exigir sempre {% endif %},,POST,,,inventariado; execucao pendente,,,,,,,,
src/apps/hub/templates/hub/settings.html,91,button,Tornar opcional,,POST,,,inventariado; execucao pendente,,,,,,,,
src/apps/hub/templates/hub/settings.html,94,button,Exigir sempre,,POST,,,inventariado; execucao pendente,,,,,,,,
src/apps/hub/templates/hub/settings.html,101,summary,Como essa conexão protege os dados,,,,,inventariado; execucao pendente,,,,,,,,
src/apps/hub/templates/hub/setup.html,12,a,{{ step.action_label }} →,,,{{ step.url }},,inventariado; execucao pendente,,,,,,,,
src/apps/hub/templates/hub/setup.html,19,form,{% csrf_token %} {% for field in identity_form %} {{ field.label_tag }}{{ field }}{% for error in field.errors %} {{ error }} {% endfor %} {% endfor %} Confirmar dados,,POST,,,inventariado; execucao pendente,,,,,,,,
src/apps/hub/templates/hub/setup.html,19,button,Confirmar dados,,POST,,,inventariado; execucao pendente,,,,,,,,
src/apps/hub/templates/hub/setup.html,26,a,Configurar mapa DRE →,,,{% url 'hub:dre-mapping-editor' %},,inventariado; execucao pendente,,,,,,,,
src/apps/hub/templates/hub/setup.html,30,form,{% csrf_token %} {{ source_form.kind.label_tag }}{{ source_form.kind }} Usar esta fonte,,POST,,,inventariado; execucao pendente,,,,,,,,
src/apps/hub/templates/hub/setup.html,30,button,Usar esta fonte,,POST,,,inventariado; execucao pendente,,,,,,,,
src/apps/hub/templates/hub/setup.html,31,a,"{{ source.label }} {{ source.get_status_display }}{% if source.source_snapshot_at %} · dados de {{ source.source_snapshot_at|date:""d/m/Y H:i"" }}{% endif %}",,,?source={{ source.id }},,inventariado; execucao pendente,,,,,,,,
src/apps/hub/templates/hub/setup.html,38,a,Baixar instalador MSI,,,{{ agent_installer_url }},,inventariado; execucao pendente,,,,,,,,
src/apps/hub/templates/hub/setup.html,39,a,Gerar código de pareamento →,,,{% url 'hub:settings' %}#dominio,,inventariado; execucao pendente,,,,,,,,
src/apps/hub/templates/hub/setup.html,42,a,Abrir instrução oficial,,,https://suporte.dominioatendimento.com/central/faces/solucao.html?codigo=10957,,inventariado; execucao pendente,,,,,,,,
src/apps/hub/templates/hub/setup.html,49,form,{% csrf_token %} Entendo que preciso executar uma nova sincronização antes de usar estes dados. Reativar fonte,,POST,,,inventariado; execucao pendente,,,,,,,,
src/apps/hub/templates/hub/setup.html,49,input:checkbox,yes,confirm_reactivate,POST,,,inventariado; execucao pendente,,,,,,,,
src/apps/hub/templates/hub/setup.html,49,button,Reativar fonte,,POST,,,inventariado; execucao pendente,,,,,,,,
src/apps/hub/templates/hub/setup.html,54,summary,Ver formatos para DRE e caixa,,,,,inventariado; execucao pendente,,,,,,,,
src/apps/hub/templates/hub/setup.html,67,form,{% csrf_token %} {% if import_form.errors %} Corrija {{ import_form.errors|length }} campo{{ import_form.errors|length|pluralize }} para continuar. {% for field in import_form %}{%,,POST,,data-import-form=,inventariado; execucao pendente,,,,,,,,
src/apps/hub/templates/hub/setup.html,68,a,{{ field.label }}: {{ error }},,POST,#{{ field.id_for_label }},,inventariado; execucao pendente,,,,,,,,
src/apps/hub/templates/hub/setup.html,71,a,Baixar modelo de totais da folha,,POST,{% static 'hub/modelo-totais-folha.csv' %},data-payroll-model=,inventariado; execucao pendente,,,,,,,,
src/apps/hub/templates/hub/setup.html,72,button,Analisar e conferir,,POST,,,inventariado; execucao pendente,,,,,,,,
src/apps/hub/templates/hub/setup.html,78,form,{% csrf_token %} Importar {{ preview_batch.row_count }} registro{{ preview_batch.row_count|pluralize }},,POST,,,inventariado; execucao pendente,,,,,,,,
src/apps/hub/templates/hub/setup.html,78,button,Importar {{ preview_batch.row_count }} registro{{ preview_batch.row_count|pluralize }},,POST,,,inventariado; execucao pendente,,,,,,,,
src/apps/hub/templates/hub/setup.html,80,summary,Ver diagnóstico,,,,,inventariado; execucao pendente,,,,,,,,
src/apps/hub/templates/hub/setup.html,80,form,{% csrf_token %} Tentar novamente,,POST,,,inventariado; execucao pendente,,,,,,,,
src/apps/hub/templates/hub/setup.html,80,button,Tentar novamente,,POST,,,inventariado; execucao pendente,,,,,,,,
src/apps/hub/templates/hub/setup.html,80,a,Anterior,,,?{% if recent_imports_querystring %}{{ recent_imports_querystring }}&{% endif %}imports_page={{ recent_imports_page.previous_page_number }},,inventariado; execucao pendente,,,,,,,,
src/apps/hub/templates/hub/setup.html,80,a,Próxima,,,?{% if recent_imports_querystring %}{{ recent_imports_querystring }}&{% endif %}imports_page={{ recent_imports_page.next_page_number }},,inventariado; execucao pendente,,,,,,,,
src/apps/hub/templates/hub/signup.html,12,form,{% csrf_token %} {% if form.errors %} Revise os campos indicados. {{ form.non_field_errors }} {% endif %} {% for field in form %} {% if field.field.widget.input_type == 'checkbox' ,,POST,,data-cnpj-lookup={% url 'hub:proposal-cnpj' %},inventariado; execucao pendente,,,,,,,,
src/apps/hub/templates/hub/signup.html,18,a,Termos de Uso,,POST,{% url 'hub:legal' 'termos' %},,inventariado; execucao pendente,,,,,,,,
src/apps/hub/templates/hub/signup.html,18,a,Política de Privacidade,,POST,{% url 'hub:legal' 'privacidade' %},,inventariado; execucao pendente,,,,,,,,
src/apps/hub/templates/hub/signup.html,18,a,Anexo de Tratamento de Dados,,POST,{% url 'hub:legal' 'tratamento-de-dados' %},,inventariado; execucao pendente,,,,,,,,
src/apps/hub/templates/hub/signup.html,29,button,Enviar confirmação,,POST,,,inventariado; execucao pendente,,,,,,,,
src/apps/hub/templates/hub/signup.html,32,a,Entrar no escritório.,,,{% url 'hub:login' %},,inventariado; execucao pendente,,,,,,,,
src/apps/hub/templates/hub/signup_invalid.html,3,a,Iniciar um novo cadastro,,,{% url 'hub:signup' %},,inventariado; execucao pendente,,,,,,,,
src/apps/hub/templates/hub/signup_password.html,9,form,{% csrf_token %} {% if form.errors %} Revise a senha. {{ form.non_field_errors }} {% endif %} {% for field in form %} {{ field.label }} {{ field }}{% if field.help_text %} {{ field,,POST,,,inventariado; execucao pendente,,,,,,,,
src/apps/hub/templates/hub/signup_password.html,13,button,Criar ambiente CICA,,POST,,,inventariado; execucao pendente,,,,,,,,
src/apps/hub/templates/hub/signup_pending.html,3,a,Corrigir os dados e tentar novamente,,,{% url 'hub:signup' %},,inventariado; execucao pendente,,,,,,,,
src/apps/hub/templates/hub/team.html,3,a,Convidar colaborador,,,?convidar=1#convidar,,inventariado; execucao pendente,,,,,,,,
src/apps/hub/templates/hub/team.html,14,summary,Editar acesso,,,,,inventariado; execucao pendente,,,,,,,,
src/apps/hub/templates/hub/team.html,15,form,{% csrf_token %} Perfil Gestor Operador Auditor Financeiro Módulos permitidos {% for module in enabled_modules %} {{ module.label }} {% endfor %} Empresas permitidas {% for company,,POST,{% url 'hub:collaborator-access' collaborator.id %},,inventariado; execucao pendente,,,,,,,,
src/apps/hub/templates/hub/team.html,16,select,Gestor Operador Auditor Financeiro,role-{{ collaborator.id }},POST,{% url 'hub:collaborator-access' collaborator.id %},,inventariado; execucao pendente,,,,,,,,
src/apps/hub/templates/hub/team.html,17,input:checkbox,{{ module.code }},modules,POST,{% url 'hub:collaborator-access' collaborator.id %},,inventariado; execucao pendente,,,,,,,,
src/apps/hub/templates/hub/team.html,18,input:checkbox,{{ company.id }},companies,POST,{% url 'hub:collaborator-access' collaborator.id %},,inventariado; execucao pendente,,,,,,,,
src/apps/hub/templates/hub/team.html,19,input:checkbox,Abrir mensagens DTE (registra ciência e inicia prazo),can_acknowledge_dte,POST,{% url 'hub:collaborator-access' collaborator.id %},,inventariado; execucao pendente,,,,,,,,
src/apps/hub/templates/hub/team.html,20,button,Salvar acessos,,POST,{% url 'hub:collaborator-access' collaborator.id %},,inventariado; execucao pendente,,,,,,,,
src/apps/hub/templates/hub/team.html,22,button,Remover,,,,data-modal-open=remove-collaborator-{{ collaborator.id }},inventariado; execucao pendente,,,,,,,,
src/apps/hub/templates/hub/team.html,25,button,×,,,,data-modal-close=,inventariado; execucao pendente,,,,,,,,
src/apps/hub/templates/hub/team.html,27,form,{% csrf_token %} Remover acesso,,POST,{% url 'hub:collaborator-deactivate' collaborator.id %},,inventariado; execucao pendente,,,,,,,,
src/apps/hub/templates/hub/team.html,27,button,Remover acesso,,POST,{% url 'hub:collaborator-deactivate' collaborator.id %},,inventariado; execucao pendente,,,,,,,,
src/apps/hub/templates/hub/team.html,27,button,Cancelar,,,,data-modal-close=,inventariado; execucao pendente,,,,,,,,
src/apps/hub/templates/hub/team.html,40,form,{% csrf_token %} Reenviar,,POST,{% url 'hub:collaborator-invitation-resend' invitation.id %},,inventariado; execucao pendente,,,,,,,,
src/apps/hub/templates/hub/team.html,40,button,Reenviar,,POST,{% url 'hub:collaborator-invitation-resend' invitation.id %},,inventariado; execucao pendente,,,,,,,,
src/apps/hub/templates/hub/team.html,40,button,Revogar,,,,data-modal-open=revoke-invitation-{{ invitation.id }},inventariado; execucao pendente,,,,,,,,
src/apps/hub/templates/hub/team.html,40,button,×,,,,data-modal-close=,inventariado; execucao pendente,,,,,,,,
src/apps/hub/templates/hub/team.html,40,form,{% csrf_token %} Revogar convite,,POST,{% url 'hub:collaborator-invitation-revoke' invitation.id %},,inventariado; execucao pendente,,,,,,,,
src/apps/hub/templates/hub/team.html,40,button,Revogar convite,,POST,{% url 'hub:collaborator-invitation-revoke' invitation.id %},,inventariado; execucao pendente,,,,,,,,
src/apps/hub/templates/hub/team.html,40,button,Cancelar,,,,data-modal-close=,inventariado; execucao pendente,,,,,,,,
src/apps/hub/templates/hub/team.html,44,summary,Convidar colaborador,,,,,inventariado; execucao pendente,,,,,,,,
src/apps/hub/templates/hub/team.html,45,form,{% csrf_token %} {% if collaborator_form.non_field_errors %} {{ collaborator_form.non_field_errors }} {% endif %} {% for field in collaborator_form %}{% if field.name == 'full_name,,POST,,,inventariado; execucao pendente,,,,,,,,
src/apps/hub/templates/hub/team.html,58,button,Enviar convite,,POST,,,inventariado; execucao pendente,,,,,,,,
src/apps/hub/templates/hub/theme_picker.html,1,form,{% csrf_token %} Sistema Claro Escuro,,POST,{% url 'hub:set-theme' %},,inventariado; execucao pendente,,,,,,,,
src/apps/hub/templates/hub/theme_picker.html,3,button,Sistema,theme,POST,{% url 'hub:set-theme' %},,inventariado; execucao pendente,,,,,,,,
src/apps/hub/templates/hub/theme_picker.html,4,button,Claro,theme,POST,{% url 'hub:set-theme' %},,inventariado; execucao pendente,,,,,,,,
src/apps/hub/templates/hub/theme_picker.html,5,button,Escuro,theme,POST,{% url 'hub:set-theme' %},,inventariado; execucao pendente,,,,,,,,
src/apps/hub/templates/hub/triage.html,10,form,"Empresa, código Domínio, caixa ou arquivo Etapa Todas as etapas {% for value,label in triage_queue_status_choices %} {{ label }} {% endfor %} Pesquisar fila {% if triage_queue_sele",,GET,{% url 'hub:triage' %},,inventariado; execucao pendente,,,,,,,,
src/apps/hub/templates/hub/triage.html,10,input:search,{{ triage_queue_search }},triage-search,GET,{% url 'hub:triage' %},,inventariado; execucao pendente,,,,,,,,
src/apps/hub/templates/hub/triage.html,10,select,"Todas as etapas {% for value,label in triage_queue_status_choices %} {{ label }} {% endfor %}",triage-status-filter,GET,{% url 'hub:triage' %},,inventariado; execucao pendente,,,,,,,,
src/apps/hub/templates/hub/triage.html,10,button,Pesquisar fila,,GET,{% url 'hub:triage' %},,inventariado; execucao pendente,,,,,,,,
src/apps/hub/templates/hub/triage.html,10,a,Limpar filtros,,GET,{% url 'hub:triage' %},,inventariado; execucao pendente,,,,,,,,
src/apps/hub/templates/hub/triage.html,13,a,{{ item.original_name }},,,{% url 'hub:triage-item' item.id %}?return_to={{ request.get_full_path|urlencode }},,inventariado; execucao pendente,,,,,,,,
src/apps/hub/templates/hub/triage.html,13,a,Duplicado de {{ item.duplicate_of.original_name }},,,{% url 'hub:triage-item' item.duplicate_of.id %},,inventariado; execucao pendente,,,,,,,,
src/apps/hub/templates/hub/triage.html,15,a,Anterior,,,?{% if triage_queue_selected_status %}status={{ triage_queue_selected_status|urlencode }}&{% endif %}{% if triage_queue_search %}q={{ triage_queue_search|urlencode }}&{% endif %}page={{ triage_queue_p,,inventariado; execucao pendente,,,,,,,,
src/apps/hub/templates/hub/triage.html,15,a,Próxima,,,?{% if triage_queue_selected_status %}status={{ triage_queue_selected_status|urlencode }}&{% endif %}{% if triage_queue_search %}q={{ triage_queue_search|urlencode }}&{% endif %}page={{ triage_queue_p,,inventariado; execucao pendente,,,,,,,,
src/apps/hub/templates/hub/triage.html,16,a,Ver todos,,,{% url 'hub:triage' %},,inventariado; execucao pendente,,,,,,,,
src/apps/hub/templates/hub/triage.html,19,a,{% if office.is_demo %}Ver caixa de exemplo{% else %}Gerenciar caixas{% endif %},,,{% url 'hub:triage-connections' %},,inventariado; execucao pendente,,,,,,,,
src/apps/hub/templates/hub/triage_connections.html,2,a,Voltar aos anexos,,,{% url 'hub:triage' %},,inventariado; execucao pendente,,,,,,,,
src/apps/hub/templates/hub/triage_connections.html,11,form,{% csrf_token %} Conectar Microsoft 365,,POST,{% url 'hub:triage-oauth-start' 'ms365_graph' %},,inventariado; execucao pendente,,,,,,,,
src/apps/hub/templates/hub/triage_connections.html,11,button,Conectar Microsoft 365,,POST,{% url 'hub:triage-oauth-start' 'ms365_graph' %},,inventariado; execucao pendente,,,,,,,,
src/apps/hub/templates/hub/triage_connections.html,15,summary,{% if ms_app %}Trocar aplicativo Microsoft{% else %}Configurar aplicativo Microsoft{% endif %},,,,,inventariado; execucao pendente,,,,,,,,
src/apps/hub/templates/hub/triage_connections.html,16,a,Microsoft Entra,,,https://entra.microsoft.com/,,inventariado; execucao pendente,,,,,,,,
src/apps/hub/templates/hub/triage_connections.html,18,form,{% csrf_token %} {% if ms_app_form.errors %} Revise os campos indicados. {{ ms_app_form.non_field_errors|striptags }} {% endif %} {% for field in ms_app_form %} {{ field.label }} {,,POST,{% url 'hub:triage-oauth-app-save' 'ms365_graph' %},data-oauth-app-form=,inventariado; execucao pendente,,,,,,,,
src/apps/hub/templates/hub/triage_connections.html,22,button,Salvar aplicativo Microsoft,,POST,{% url 'hub:triage-oauth-app-save' 'ms365_graph' %},,inventariado; execucao pendente,,,,,,,,
src/apps/hub/templates/hub/triage_connections.html,29,form,{% csrf_token %} Conectar Workspace,,POST,{% url 'hub:triage-oauth-start' 'gmail_api' %},,inventariado; execucao pendente,,,,,,,,
src/apps/hub/templates/hub/triage_connections.html,29,button,Conectar Workspace,,POST,{% url 'hub:triage-oauth-start' 'gmail_api' %},,inventariado; execucao pendente,,,,,,,,
src/apps/hub/templates/hub/triage_connections.html,34,form,{% csrf_token %} Conectar Gmail pessoal,,POST,{% url 'hub:triage-oauth-start' 'gmail_api' %},,inventariado; execucao pendente,,,,,,,,
src/apps/hub/templates/hub/triage_connections.html,34,button,Conectar Gmail pessoal,,POST,{% url 'hub:triage-oauth-start' 'gmail_api' %},,inventariado; execucao pendente,,,,,,,,
src/apps/hub/templates/hub/triage_connections.html,37,summary,{% if google_app %}Trocar aplicativo Google{% else %}Configurar aplicativo Google{% endif %},,,,,inventariado; execucao pendente,,,,,,,,
src/apps/hub/templates/hub/triage_connections.html,38,a,Google Cloud Console,,,https://console.cloud.google.com/,,inventariado; execucao pendente,,,,,,,,
src/apps/hub/templates/hub/triage_connections.html,41,form,{% csrf_token %} {% if google_app_form.errors %} Revise os campos indicados. {{ google_app_form.non_field_errors|striptags }} {% endif %} {% for field in google_app_form %} {{ fiel,,POST,{% url 'hub:triage-oauth-app-save' 'gmail_api' %},data-oauth-app-form=,inventariado; execucao pendente,,,,,,,,
src/apps/hub/templates/hub/triage_connections.html,45,button,Salvar aplicativo Google,,POST,{% url 'hub:triage-oauth-app-save' 'gmail_api' %},,inventariado; execucao pendente,,,,,,,,
src/apps/hub/templates/hub/triage_connections.html,53,summary,Configurar IMAP,,,,,inventariado; execucao pendente,,,,,,,,
src/apps/hub/templates/hub/triage_connections.html,54,form,{% csrf_token %} {% if imap_form.errors %} Revise os campos indicados e tente novamente. {{ imap_form.non_field_errors|striptags }} {% endif %} {% for field in imap_form %} {{ fiel,,POST,{% url 'hub:triage-imap-connect' %},data-imap-connect=,inventariado; execucao pendente,,,,,,,,
src/apps/hub/templates/hub/triage_connections.html,59,button,Testar e conectar IMAP,,POST,{% url 'hub:triage-imap-connect' %},,inventariado; execucao pendente,,,,,,,,
src/apps/hub/templates/hub/triage_connections.html,65,summary,Ver passo a passo e permissões,,,,,inventariado; execucao pendente,,,,,,,,
src/apps/hub/templates/hub/triage_connections.html,71,form,{% csrf_token %} {% if destination_form.errors %} Revise o destino e tente novamente. {{ destination_form.non_field_errors|striptags }} {% endif %} {% for field in destination_form,,POST,{% url 'hub:triage-destination-configure' %},,inventariado; execucao pendente,,,,,,,,
src/apps/hub/templates/hub/triage_connections.html,75,button,Salvar destino,,POST,{% url 'hub:triage-destination-configure' %},,inventariado; execucao pendente,,,,,,,,
src/apps/hub/templates/hub/triage_connections.html,93,a,Ir ao provedor,,,#{{ row.provider_anchor }},,inventariado; execucao pendente,,,,,,,,
src/apps/hub/templates/hub/triage_connections.html,94,summary,"Configurar pasta, período e leitura",,,,,inventariado; execucao pendente,,,,,,,,
src/apps/hub/templates/hub/triage_connections.html,94,form,{% csrf_token %}{% if mailbox.operation_form.errors %} Revise os campos indicados. {{ mailbox.operation_form.non_field_errors|striptags }} {% endif %}{% for field in mailbox.operat,,POST,{% url 'hub:triage-mailbox-configure' mailbox.id %},,inventariado; execucao pendente,,,,,,,,
src/apps/hub/templates/hub/triage_connections.html,94,button,Salvar configuração da caixa,,POST,{% url 'hub:triage-mailbox-configure' mailbox.id %},,inventariado; execucao pendente,,,,,,,,
src/apps/hub/templates/hub/triage_connections.html,97,button,Desconectar,,,,data-modal-open=disconnect-mailbox-{{ mailbox.id }},inventariado; execucao pendente,,,,,,,,
src/apps/hub/templates/hub/triage_connections.html,100,button,×,,,,data-modal-close=,inventariado; execucao pendente,,,,,,,,
src/apps/hub/templates/hub/triage_connections.html,102,form,{% csrf_token %} Manter conectada Desconectar caixa,,POST,{% url 'hub:triage-mailbox-disconnect' mailbox.id %},,inventariado; execucao pendente,,,,,,,,
src/apps/hub/templates/hub/triage_connections.html,102,button,Manter conectada,,POST,{% url 'hub:triage-mailbox-disconnect' mailbox.id %},data-modal-close= data-modal-initial-focus=,inventariado; execucao pendente,,,,,,,,
src/apps/hub/templates/hub/triage_connections.html,102,button,Desconectar caixa,,POST,{% url 'hub:triage-mailbox-disconnect' mailbox.id %},,inventariado; execucao pendente,,,,,,,,
src/apps/hub/templates/hub/triage_item.html,3,a,Voltar à Triagem,,,{% back_url 'hub:triage' %},,inventariado; execucao pendente,,,,,,,,
src/apps/hub/templates/hub/triage_item.html,10,a,Duplicado de {{ item.duplicate_of.original_name }},,,{% url 'hub:triage-item' item.duplicate_of.id %},,inventariado; execucao pendente,,,,,,,,
src/apps/hub/templates/hub/triage_item.html,26,a,{% if office.is_demo %}Baixar arquivo fictício{% else %}Baixar arquivo da biblioteca{% endif %},,,{% url 'hub:triage-download' item.id %},,inventariado; execucao pendente,,,,,,,,
src/apps/hub/templates/hub/triage_item.html,28,form,{% csrf_token %} Reprocessar,,POST,,,inventariado; execucao pendente,,,,,,,,
src/apps/hub/templates/hub/triage_item.html,28,button,Reprocessar,,POST,,,inventariado; execucao pendente,,,,,,,,
src/apps/hub/templates/hub/triage_item.html,33,form,"{% csrf_token %} {% for field, hint in triage_field_rows %} {{ field.label }} {{ field }}{% if hint %} Sugerido · {{ hint }} {% endif %} {% endfor %} {% if triage_reason_field %} {",,POST,,,inventariado; execucao pendente,,,,,,,,
src/apps/hub/templates/hub/triage_item.html,36,button,Salvar dados,,POST,,,inventariado; execucao pendente,,,,,,,,
src/apps/hub/templates/hub/triage_item.html,39,a,Abrir em nova aba,,,{% url 'hub:triage-preview' item.id %},,inventariado; execucao pendente,,,,,,,,
src/apps/hub/templates/hub/triage_item.html,41,form,{% csrf_token %} Aprovar para arquivamento,,POST,,,inventariado; execucao pendente,,,,,,,,
src/apps/hub/templates/hub/triage_item.html,41,button,Aprovar para arquivamento,,POST,,,inventariado; execucao pendente,,,,,,,,
src/apps/hub/templates/hub/triage_item.html,41,form,{% csrf_token %} Motivo da rejeição Confirmo a rejeição Rejeitar anexo,,POST,,,inventariado; execucao pendente,,,,,,,,
src/apps/hub/templates/hub/triage_item.html,41,textarea,Motivo da rejeição,triage-rejection-reason,POST,,,inventariado; execucao pendente,,,,,,,,
src/apps/hub/templates/hub/triage_item.html,41,input:checkbox,on,confirm_rejection,POST,,,inventariado; execucao pendente,,,,,,,,
src/apps/hub/templates/hub/triage_item.html,41,button,Rejeitar anexo,,POST,,,inventariado; execucao pendente,,,,,,,,
src/apps/hub/templates/hub/triage_item.html,42,form,{% csrf_token %} {% if office.is_demo %}Concluir arquivamento fictício{% elif triage_destination.mode == 'windows' %}Enviar ao agente Windows{% else %}Arquivar na biblioteca intern,,POST,,,inventariado; execucao pendente,,,,,,,,
src/apps/hub/templates/hub/triage_item.html,42,button,{% if office.is_demo %}Concluir arquivamento fictício{% elif triage_destination.mode == 'windows' %}Enviar ao agente Windows{% else %}Arquivar na biblioteca interna{% endif %},,POST,,,inventariado; execucao pendente,,,,,,,,
src/apps/hub/templates/hub/triage_item.html,42,a,Revisar destino,,,{% url 'hub:triage-connections' %}#triage-destination-heading,,inventariado; execucao pendente,,,,,,,,
src/apps/hub/templates/hub/triage_item.html,43,a,Atualizar situação,,,{% url 'hub:triage-item' item.id %},,inventariado; execucao pendente,,,,,,,,
src/apps/hub/templates/hub/triage_item.html,44,form,{% csrf_token %} Tentar arquivar novamente,,POST,,,inventariado; execucao pendente,,,,,,,,
src/apps/hub/templates/hub/triage_item.html,44,button,Tentar arquivar novamente,,POST,,,inventariado; execucao pendente,,,,,,,,
src/apps/hub/templates/hub/triage_item.html,44,a,Revisar destino,,,{% url 'hub:triage-connections' %}#triage-destination-heading,,inventariado; execucao pendente,,,,,,,,
src/apps/hub/templates/hub/triage_item.html,45,form,{% csrf_token %} Reprocessar,,POST,,,inventariado; execucao pendente,,,,,,,,
src/apps/hub/templates/hub/triage_item.html,45,button,Reprocessar,,POST,,,inventariado; execucao pendente,,,,,,,,
src/apps/hub/templates/hub/triage_item.html,54,a,Anterior,,,?{% if triage_history_querystring %}{{ triage_history_querystring }}&{% endif %}history_page={{ triage_history_page.previous_page_number }}#history-heading,,inventariado; execucao pendente,,,,,,,,
src/apps/hub/templates/hub/triage_item.html,54,a,Próxima,,,?{% if triage_history_querystring %}{{ triage_history_querystring }}&{% endif %}history_page={{ triage_history_page.next_page_number }}#history-heading,,inventariado; execucao pendente,,,,,,,,
src/apps/hub/templates/hub/workspace.html,9,a,{% include 'hub/partials/brand_mark.html' %} CICA,,,{% if is_nfse_only_subscription %}{% url 'hub:nfse-center' %}{% else %}{% url 'hub:dashboard' %}{% endif %},,inventariado; execucao pendente,,,,,,,,
src/apps/hub/templates/hub/workspace.html,18,button,{{ office.name|slice:':1' }} Escritório {{ office.name }},,,,data-popover-toggle=office-list aria-controls=office-list,inventariado; execucao pendente,,,,,,,,
src/apps/hub/templates/hub/workspace.html,18,form,{% csrf_token %} {{ item.organization.name }}{% if item.organization_id == office.id %} ✓ {% endif %},,POST,{% url 'hub:switch-office' %},,inventariado; execucao pendente,,,,,,,,
src/apps/hub/templates/hub/workspace.html,18,button,{{ item.organization.name }}{% if item.organization_id == office.id %} ✓ {% endif %},organization_id,POST,{% url 'hub:switch-office' %},,inventariado; execucao pendente,,,,,,,,
src/apps/hub/templates/hub/workspace.html,23,a,Buscar Ctrl K,,,{% url 'hub:search' %},data-search-open=,inventariado; execucao pendente,,,,,,,,
src/apps/hub/templates/hub/workspace.html,24,a,Avisos {% if unread_notifications_count %} {{ unread_notifications_count }} não lidos {% endif %},,,{% url 'hub:notifications' %},,inventariado; execucao pendente,,,,,,,,
src/apps/hub/templates/hub/workspace.html,27,button,{{ request.user.display_name|slice:':1' }} {{ request.user.display_name }} Abrir menu da conta,,,,data-popover-toggle=account-list aria-controls=account-list,inventariado; execucao pendente,,,,,,,,
src/apps/hub/templates/hub/workspace.html,34,a,Ativar MFA Recomendado,,,{% url 'accounts:mfa-setup' %}?next={{ request.get_full_path|urlencode }},,inventariado; execucao pendente,,,,,,,,
src/apps/hub/templates/hub/workspace.html,36,a,Equipe e acessos,,,{% url 'hub:team' %},,inventariado; execucao pendente,,,,,,,,
src/apps/hub/templates/hub/workspace.html,37,a,Voltar à plataforma,,,{% url 'platform:dashboard' %},,inventariado; execucao pendente,,,,,,,,
src/apps/hub/templates/hub/workspace.html,38,form,{% csrf_token %} Sair,,POST,{% url 'hub:logout' %},,inventariado; execucao pendente,,,,,,,,
src/apps/hub/templates/hub/workspace.html,38,button,Sair,,POST,{% url 'hub:logout' %},,inventariado; execucao pendente,,,,,,,,
src/apps/hub/templates/hub/workspace.html,43,button,Menu,,,,aria-controls=workspace-navigation data-workspace-toggle=,inventariado; execucao pendente,,,,,,,,
src/apps/hub/templates/hub/workspace.html,47,form,{% csrf_token %} Encerrar suporte,,POST,{% url 'platform:end-support' %},,inventariado; execucao pendente,,,,,,,,
src/apps/hub/templates/hub/workspace.html,47,button,Encerrar suporte,,POST,{% url 'platform:end-support' %},,inventariado; execucao pendente,,,,,,,,
src/apps/hub/templates/hub/workspace.html,47,button,Como usar,,,,data-onboarding-open=,inventariado; execucao pendente,,,,,,,,
src/apps/hub/templates/hub/workspace.html,47,form,{% csrf_token %} Sair da demonstração,,POST,{% url 'hub:logout' %},,inventariado; execucao pendente,,,,,,,,
src/apps/hub/templates/hub/workspace.html,47,button,Sair da demonstração,,POST,{% url 'hub:logout' %},,inventariado; execucao pendente,,,,,,,,
src/apps/hub/templates/hub/workspace.html,50,form,"Buscar Empresa, CNPJ, atividade ou número da nota Fechar",,GET,{% url 'hub:search' %},,inventariado; execucao pendente,,,,,,,,
src/apps/hub/templates/hub/workspace.html,53,input:search,"Empresa, CNPJ, atividade ou número da nota",workspace-search-input,GET,{% url 'hub:search' %},data-search-input=,inventariado; execucao pendente,,,,,,,,
src/apps/hub/templates/hub/workspace.html,54,button,Fechar,,GET,{% url 'hub:search' %},data-search-close=,inventariado; execucao pendente,,,,,,,,
src/apps/hub/templates/hub/workspace_navigation.html,2,a,Visão geral,,,{% url 'hub:dashboard' %},,inventariado; execucao pendente,,,,,,,,
src/apps/hub/templates/hub/workspace_navigation.html,5,summary,{{ group.label }},,,,,inventariado; execucao pendente,,,,,,,,
src/apps/hub/templates/hub/workspace_navigation.html,8,a,{{ item.label }} {{ item.description }},,,{{ item.url }},,inventariado; execucao pendente,,,,,,,,
src/apps/hub/templates/hub/workspace_navigation.html,12,a,Copiloto CICA,,,{% url 'intelligence:assistant' %},,inventariado; execucao pendente,,,,,,,,
src/apps/intelligence/templates/intelligence/assistant.html,7,a,Nova conversa,,,{% url 'intelligence:assistant' %},,inventariado; execucao pendente,,,,,,,,
src/apps/intelligence/templates/intelligence/assistant.html,14,a,{{ conversation.title }} {{ conversation.company.name }},,,?{% if conversation_history_item_querystring %}{{ conversation_history_item_querystring }}&{% endif %}conversation={{ conversation.id }},,inventariado; execucao pendente,,,,,,,,
src/apps/intelligence/templates/intelligence/assistant.html,21,a,Anterior,,,?{% if conversation_history_querystring %}{{ conversation_history_querystring }}&{% endif %}conversation_page={{ conversation_history_page.previous_page_number }},,inventariado; execucao pendente,,,,,,,,
src/apps/intelligence/templates/intelligence/assistant.html,23,a,Próxima,,,?{% if conversation_history_querystring %}{{ conversation_history_querystring }}&{% endif %}conversation_page={{ conversation_history_page.next_page_number }},,inventariado; execucao pendente,,,,,,,,
src/apps/intelligence/templates/intelligence/assistant.html,69,a,Contatar suporte Mewstack,,,mailto:{{ copilot_support_email }},,inventariado; execucao pendente,,,,,,,,
src/apps/intelligence/templates/intelligence/assistant.html,83,summary,"Ver análise {{ message.evidence|length }} fonte{{ message.evidence|length|pluralize:""s"" }}",,,,,inventariado; execucao pendente,,,,,,,,
src/apps/intelligence/templates/intelligence/assistant.html,101,form,{% csrf_token %} PDF,,POST,{% url 'intelligence:export' message.id 'pdf' %},,inventariado; execucao pendente,,,,,,,,
src/apps/intelligence/templates/intelligence/assistant.html,101,button,PDF,,POST,{% url 'intelligence:export' message.id 'pdf' %},,inventariado; execucao pendente,,,,,,,,
src/apps/intelligence/templates/intelligence/assistant.html,102,form,{% csrf_token %} XLSX,,POST,{% url 'intelligence:export' message.id 'xlsx' %},,inventariado; execucao pendente,,,,,,,,
src/apps/intelligence/templates/intelligence/assistant.html,102,button,XLSX,,POST,{% url 'intelligence:export' message.id 'xlsx' %},,inventariado; execucao pendente,,,,,,,,
src/apps/intelligence/templates/intelligence/assistant.html,106,form,{% csrf_token %} Útil,,POST,{% url 'intelligence:feedback' message.id %},data-feedback-form=,inventariado; execucao pendente,,,,,,,,
src/apps/intelligence/templates/intelligence/assistant.html,106,button,Útil,,POST,{% url 'intelligence:feedback' message.id %},,inventariado; execucao pendente,,,,,,,,
src/apps/intelligence/templates/intelligence/assistant.html,107,form,{% csrf_token %} Não,,POST,{% url 'intelligence:feedback' message.id %},data-feedback-form=,inventariado; execucao pendente,,,,,,,,
src/apps/intelligence/templates/intelligence/assistant.html,107,button,Não,,POST,{% url 'intelligence:feedback' message.id %},,inventariado; execucao pendente,,,,,,,,
src/apps/intelligence/templates/intelligence/assistant.html,117,button,Pendências,,,,data-prompt=Quais pendências merecem atenção nesta empresa?,inventariado; execucao pendente,,,,,,,,
src/apps/intelligence/templates/intelligence/assistant.html,118,button,Riscos do período,,,,data-prompt=Resuma os riscos deste período.,inventariado; execucao pendente,,,,,,,,
src/apps/intelligence/templates/intelligence/assistant.html,119,button,Classificação,,,,data-prompt=Explique a classificação mais provável.,inventariado; execucao pendente,,,,,,,,
src/apps/intelligence/templates/intelligence/assistant.html,125,form,{% csrf_token %} {% if active_conversation %} {% else %} Empresa para esta análise Escolha uma empresa {% for company in companies %} {{ company.name }} · Domínio {{ company.domini,,POST,,data-assistant-composer=,inventariado; execucao pendente,,,,,,,,
src/apps/intelligence/templates/intelligence/assistant.html,129,input:search,Buscar empresa para análise,assistant-company-search,POST,,aria-controls=assistant-company,inventariado; execucao pendente,,,,,,,,
src/apps/intelligence/templates/intelligence/assistant.html,130,select,Escolha uma empresa {% for company in companies %} {{ company.name }} · Domínio {{ company.dominio_code }}{% if company.cnpj %} · {{ company.cnpj }}{% endif %} {% endfor %},assistant-company,POST,,,inventariado; execucao pendente,,,,,,,,
src/apps/intelligence/templates/intelligence/assistant.html,148,button,Enviar,,POST,,,inventariado; execucao pendente,,,,,,,,
src/apps/intelligence/templates/intelligence/learning.html,5,form,{% csrf_token %} Aprovar,,POST,{% url 'intelligence:review' candidate.id 'approve' %},,inventariado; execucao pendente,,,,,,,,
src/apps/intelligence/templates/intelligence/learning.html,5,button,Aprovar,,POST,{% url 'intelligence:review' candidate.id 'approve' %},,inventariado; execucao pendente,,,,,,,,
src/apps/intelligence/templates/intelligence/learning.html,5,form,{% csrf_token %} Rejeitar,,POST,{% url 'intelligence:review' candidate.id 'reject' %},,inventariado; execucao pendente,,,,,,,,
src/apps/intelligence/templates/intelligence/learning.html,5,button,Rejeitar,,POST,{% url 'intelligence:review' candidate.id 'reject' %},,inventariado; execucao pendente,,,,,,,,
src/apps/platform/templates/platform/base.html,10,a,{% include 'hub/partials/brand_lockup.html' %},,,{% url 'platform:dashboard' %},,inventariado; execucao pendente,,,,,,,,
src/apps/platform/templates/platform/base.html,13,a,Configurações,,,{% url 'platform:configuration' %},,inventariado; execucao pendente,,,,,,,,
src/apps/platform/templates/platform/base.html,13,a,Agenda tributária,,,{% url 'platform:fiscal-calendar' %},,inventariado; execucao pendente,,,,,,,,
src/apps/platform/templates/platform/base.html,14,a,Visão geral,,,{% url 'platform:dashboard' %},,inventariado; execucao pendente,,,,,,,,
src/apps/platform/templates/platform/base.html,15,a,Escritórios,,,{% url 'platform:tenants' %},,inventariado; execucao pendente,,,,,,,,
src/apps/platform/templates/platform/base.html,20,button,Abrir navegação,,,,data-menu-toggle= aria-controls=mobile-nav,inventariado; execucao pendente,,,,,,,,
src/apps/platform/templates/platform/base.html,22,a,Visão geral,,,{% url 'platform:dashboard' %},,inventariado; execucao pendente,,,,,,,,
src/apps/platform/templates/platform/base.html,23,a,Escritórios,,,{% url 'platform:tenants' %},,inventariado; execucao pendente,,,,,,,,
src/apps/platform/templates/platform/base.html,24,a,Configurações,,,{% url 'platform:configuration' %},,inventariado; execucao pendente,,,,,,,,
src/apps/platform/templates/platform/base.html,24,a,Agenda tributária,,,{% url 'platform:fiscal-calendar' %},,inventariado; execucao pendente,,,,,,,,
src/apps/platform/templates/platform/base.html,26,a,CICA,,,{% url 'hub:home' %},,inventariado; execucao pendente,,,,,,,,
src/apps/platform/templates/platform/base.html,28,button,{{ request.user.full_name|default:request.user.email|slice:':1' }} {{ request.user.full_name|default:request.user.email }} Abrir menu da conta,,,,data-popover-toggle=account-list aria-controls=account-list,inventariado; execucao pendente,,,,,,,,
src/apps/platform/templates/platform/base.html,36,form,{% csrf_token %} Sair,,POST,{% url 'hub:logout' %},,inventariado; execucao pendente,,,,,,,,
src/apps/platform/templates/platform/base.html,36,button,Sair,,POST,{% url 'hub:logout' %},,inventariado; execucao pendente,,,,,,,,
src/apps/platform/templates/platform/configuration.html,8,a,Cadastro da Mewstack,,,#config-mewstack,,inventariado; execucao pendente,,,,,,,,
src/apps/platform/templates/platform/configuration.html,9,a,Integra Contador,,,#config-integra,,inventariado; execucao pendente,,,,,,,,
src/apps/platform/templates/platform/configuration.html,10,a,Copiloto e IA,,,#config-copilot,,inventariado; execucao pendente,,,,,,,,
src/apps/platform/templates/platform/configuration.html,11,a,E-mail transacional,,,#config-email,,inventariado; execucao pendente,,,,,,,,
src/apps/platform/templates/platform/configuration.html,12,a,Rotinas,,,#config-operations,,inventariado; execucao pendente,,,,,,,,
src/apps/platform/templates/platform/configuration.html,13,a,Oferta e planos,,,#config-catalog,,inventariado; execucao pendente,,,,,,,,
src/apps/platform/templates/platform/configuration.html,20,form,{% csrf_token %} {% include 'hub/auth_fields.html' %} Salvar canais Atualizar pelo CNPJ,,POST,,,inventariado; execucao pendente,,,,,,,,
src/apps/platform/templates/platform/configuration.html,24,button,Salvar canais,action,POST,,,inventariado; execucao pendente,,,,,,,,
src/apps/platform/templates/platform/configuration.html,24,button,Atualizar pelo CNPJ,action,POST,,,inventariado; execucao pendente,,,,,,,,
src/apps/platform/templates/platform/configuration.html,34,form,{% csrf_token %} {% if integra_credentials_form.errors %} Confira as credenciais informadas. {% for error in integra_credentials_form.non_field_errors %} {{ error }} {% endfor %}{%,,POST,,,inventariado; execucao pendente,,,,,,,,
src/apps/platform/templates/platform/configuration.html,36,a,{{ field.label }},,POST,#{{ field.id_for_label }},,inventariado; execucao pendente,,,,,,,,
src/apps/platform/templates/platform/configuration.html,38,button,Salvar credenciais centrais,,POST,,,inventariado; execucao pendente,,,,,,,,
src/apps/platform/templates/platform/configuration.html,42,form,{% csrf_token %} {% if integra_certificate_form.errors %} Confira o certificado. {{ integra_certificate_form.non_field_errors }} {% endif %} {% for field in integra_certificate_for,,POST,,,inventariado; execucao pendente,,,,,,,,
src/apps/platform/templates/platform/configuration.html,46,button,{% if integra_certificate %}Substituir certificado A1{% else %}Armazenar certificado A1{% endif %},,POST,,,inventariado; execucao pendente,,,,,,,,
src/apps/platform/templates/platform/configuration.html,53,form,{% csrf_token %} {% if copilot_form.errors %} Confira a disponibilidade configurada. {% for error in copilot_form.non_field_errors %} {{ error }} {% endfor %} {% endif %} {% for fi,,POST,,,inventariado; execucao pendente,,,,,,,,
src/apps/platform/templates/platform/configuration.html,57,button,Salvar disponibilidade,,POST,,,inventariado; execucao pendente,,,,,,,,
src/apps/platform/templates/platform/configuration.html,62,form,{% csrf_token %} {% if runtime_form.errors %} Confira a configuração do runtime. {% for error in runtime_form.non_field_errors %} {{ error }} {% endfor %}{% for field in runtime_fo,,POST,,,inventariado; execucao pendente,,,,,,,,
src/apps/platform/templates/platform/configuration.html,64,a,{{ field.label }},,POST,#{{ field.id_for_label }},,inventariado; execucao pendente,,,,,,,,
src/apps/platform/templates/platform/configuration.html,66,button,Salvar runtime local,,POST,,,inventariado; execucao pendente,,,,,,,,
src/apps/platform/templates/platform/configuration.html,71,form,{% csrf_token %} {% if cloud_fallback_form.errors %} Confira a configuração do fallback. {% for error in cloud_fallback_form.non_field_errors %} {{ error }} {% endfor %}{% for fiel,,POST,,,inventariado; execucao pendente,,,,,,,,
src/apps/platform/templates/platform/configuration.html,73,a,{{ field.label }},,POST,#{{ field.id_for_label }},,inventariado; execucao pendente,,,,,,,,
src/apps/platform/templates/platform/configuration.html,75,button,Salvar Claude via API,,POST,,,inventariado; execucao pendente,,,,,,,,
src/apps/platform/templates/platform/configuration.html,80,form,{% csrf_token %} {% if email_form.errors %} Confira a configuração de e-mail. {% for error in email_form.non_field_errors %} {{ error }} {% endfor %}{% for field in email_form %}{%,,POST,,,inventariado; execucao pendente,,,,,,,,
src/apps/platform/templates/platform/configuration.html,82,a,{{ field.label }},,POST,#{{ field.id_for_label }},,inventariado; execucao pendente,,,,,,,,
src/apps/platform/templates/platform/configuration.html,84,button,Salvar e-mail,,POST,,,inventariado; execucao pendente,,,,,,,,
src/apps/platform/templates/platform/configuration.html,84,button,Testar conexão,action,POST,,,inventariado; execucao pendente,,,,,,,,
src/apps/platform/templates/platform/configuration.html,91,a,Abrir escritório {{ deferral.organization.name }},,,{% url 'platform:tenant-detail' deferral.organization_id %},,inventariado; execucao pendente,,,,,,,,
src/apps/platform/templates/platform/configuration.html,91,a,Anterior,,,?{% if billing_close_deferrals_querystring %}{{ billing_close_deferrals_querystring }}&{% endif %}billing_deferrals_page={{ billing_close_deferrals_page.previous_page_number }}#billing-deferrals-title,,inventariado; execucao pendente,,,,,,,,
src/apps/platform/templates/platform/configuration.html,91,a,Próxima,,,?{% if billing_close_deferrals_querystring %}{{ billing_close_deferrals_querystring }}&{% endif %}billing_deferrals_page={{ billing_close_deferrals_page.next_page_number }}#billing-deferrals-title,,inventariado; execucao pendente,,,,,,,,
src/apps/platform/templates/platform/configuration.html,96,form,{% csrf_token %} {% if trial_form.errors %} Confira o limite informado. {% endif %} {% for field in trial_form %} {{ field.label }} {{ field }} {% for error in field.errors %} {{ e,,POST,,,inventariado; execucao pendente,,,,,,,,
src/apps/platform/templates/platform/configuration.html,100,button,Salvar franquia do teste,,POST,,,inventariado; execucao pendente,,,,,,,,
src/apps/platform/templates/platform/configuration.html,106,a,Editar,,,?plan={{ plan.id }}#plan-editor,,inventariado; execucao pendente,,,,,,,,
src/apps/platform/templates/platform/configuration.html,107,form,{% csrf_token %} {% if editing_plan %} {% endif %} {% if editing_plan %}Edição{% else %}Nova versão{% endif %} {% if editing_plan %}Editar {{ plan_form.instance.name }}{% else %}Co,plan-editor,POST,,,inventariado; execucao pendente,,,,,,,,
src/apps/platform/templates/platform/configuration.html,111,a,Cancelar,,POST,{% url 'platform:configuration' %}#plan-editor,,inventariado; execucao pendente,,,,,,,,
src/apps/platform/templates/platform/configuration.html,112,a,{{ field.label }},,POST,#{{ field.id_for_label }},,inventariado; execucao pendente,,,,,,,,
src/apps/platform/templates/platform/configuration.html,114,button,Salvar {% if editing_plan %}alterações{% else %}plano{% endif %},,POST,,,inventariado; execucao pendente,,,,,,,,
src/apps/platform/templates/platform/dashboard.html,1,a,{{ row.label }} {{ row.note }} {{ row.count }},,,{{ row.url }},,inventariado; execucao pendente,,,,,,,,
src/apps/platform/templates/platform/dashboard.html,1,a,Ver todos,,,{% url 'platform:tenants' %},,inventariado; execucao pendente,,,,,,,,
src/apps/platform/templates/platform/dashboard.html,1,a,{{ tenant.name }},,,{% url 'platform:tenant-detail' tenant.id %},,inventariado; execucao pendente,,,,,,,,
src/apps/platform/templates/platform/dashboard.html,1,a,{{ ticket.organization.name }},,,{% url 'platform:tenant-detail' ticket.organization.id %},,inventariado; execucao pendente,,,,,,,,
src/apps/platform/templates/platform/emails/base.html,9,a,suporte@mewstack.com.br,,,mailto:suporte@mewstack.com.br,,inventariado; execucao pendente,,,,,,,,
src/apps/platform/templates/platform/emails/invitation.html,6,a,Aceitar convite,,,{{ activation_url }},,inventariado; execucao pendente,,,,,,,,
src/apps/platform/templates/platform/emails/signup_verification.html,6,a,Confirmar e iniciar teste,,,{{ verification_url }},,inventariado; execucao pendente,,,,,,,,
src/apps/platform/templates/platform/fiscal_calendar.html,10,a,Fonte,,,{{ rule.source_url }},,inventariado; execucao pendente,,,,,,,,
src/apps/platform/templates/platform/fiscal_calendar.html,12,form,{% csrf_token %} {% if rule.status == 'draft' %}Aprovar{% else %}Retirar{% endif %} {{ rule.title }} v{{ rule.version }},,POST,,,inventariado; execucao pendente,,,,,,,,
src/apps/platform/templates/platform/fiscal_calendar.html,12,button,{% if rule.status == 'draft' %}Aprovar{% else %}Retirar{% endif %} {{ rule.title }} v{{ rule.version }},,POST,,data-busy-label=Salvando…,inventariado; execucao pendente,,,,,,,,
src/apps/platform/templates/platform/fiscal_calendar.html,23,summary,{{ calendar.days.all|length }} dias,,,,,inventariado; execucao pendente,,,,,,,,
src/apps/platform/templates/platform/fiscal_calendar.html,24,a,Fonte,,,{{ calendar.source_url }},,inventariado; execucao pendente,,,,,,,,
src/apps/platform/templates/platform/fiscal_calendar.html,26,form,{% csrf_token %} {% if calendar.status == 'draft' %}Aprovar{% else %}Retirar{% endif %} calendário {{ calendar.year }},,POST,,,inventariado; execucao pendente,,,,,,,,
src/apps/platform/templates/platform/fiscal_calendar.html,26,button,{% if calendar.status == 'draft' %}Aprovar{% else %}Retirar{% endif %} calendário {{ calendar.year }},,POST,,data-busy-label=Salvando…,inventariado; execucao pendente,,,,,,,,
src/apps/platform/templates/platform/tenant_detail.html,7,a,Escritórios,,,{% url 'platform:tenants' %},,inventariado; execucao pendente,,,,,,,,
src/apps/platform/templates/platform/tenant_detail.html,16,form,{% csrf_token %} Abrir área do escritório,,POST,{% url 'platform:start-support' tenant.id %},,inventariado; execucao pendente,,,,,,,,
src/apps/platform/templates/platform/tenant_detail.html,19,button,Abrir área do escritório,,POST,{% url 'platform:start-support' tenant.id %},,inventariado; execucao pendente,,,,,,,,
src/apps/platform/templates/platform/tenant_detail.html,29,form,"{% csrf_token %} Sistemas {{ enabled_module_codes|length }} liberados para este escritório. Salvar Sistemas liberados para {{ tenant.name }} {% for code, label in module_choices %}",,POST,,,inventariado; execucao pendente,,,,,,,,
src/apps/platform/templates/platform/tenant_detail.html,34,button,Salvar,,POST,,,inventariado; execucao pendente,,,,,,,,
src/apps/platform/templates/platform/tenant_detail.html,41,input:checkbox,{{ label }},modules,POST,,,inventariado; execucao pendente,,,,,,,,
src/apps/platform/templates/platform/tenant_detail.html,57,button,Adicionar pessoa,,,,data-modal-open=invite-dialog,inventariado; execucao pendente,,,,,,,,
src/apps/platform/templates/platform/tenant_detail.html,62,button,Contrato,,,,data-modal-open=contract-dialog,inventariado; execucao pendente,,,,,,,,
src/apps/platform/templates/platform/tenant_detail.html,62,button,Consumo,,,,data-modal-open=rate-dialog,inventariado; execucao pendente,,,,,,,,
src/apps/platform/templates/platform/tenant_detail.html,68,button,Alterar,,,,data-modal-open=lifecycle-dialog,inventariado; execucao pendente,,,,,,,,
src/apps/platform/templates/platform/tenant_detail.html,75,summary,"Homologação interna {% if tenant.is_internal_test_partner %}Ativa, sem cobrança{% else %}Desativada{% endif %} ⌄",,,,,inventariado; execucao pendente,,,,,,,,
src/apps/platform/templates/platform/tenant_detail.html,79,form,{% csrf_token %} Confirmo que o acesso voltará à ativação pendente. Encerrar acesso interno,,POST,,,inventariado; execucao pendente,,,,,,,,
src/apps/platform/templates/platform/tenant_detail.html,81,input:checkbox,Confirmo que o acesso voltará à ativação pendente.,confirm-internal-test-partner,POST,,,inventariado; execucao pendente,,,,,,,,
src/apps/platform/templates/platform/tenant_detail.html,82,button,Encerrar acesso interno,,POST,,,inventariado; execucao pendente,,,,,,,,
src/apps/platform/templates/platform/tenant_detail.html,85,form,{% csrf_token %} Ativar acesso interno,,POST,,,inventariado; execucao pendente,,,,,,,,
src/apps/platform/templates/platform/tenant_detail.html,87,button,Ativar acesso interno,,POST,,,inventariado; execucao pendente,,,,,,,,
src/apps/platform/templates/platform/tenant_detail.html,98,button,×,,,,data-modal-close=,inventariado; execucao pendente,,,,,,,,
src/apps/platform/templates/platform/tenant_detail.html,98,form,{% csrf_token %} {% for field in rate_form %} {{ field.label }} {{ field }}{% if field.errors %} {{ field.errors|striptags }} {% endif %} {% endfor %} Salvar consumo Cancelar,,POST,,,inventariado; execucao pendente,,,,,,,,
src/apps/platform/templates/platform/tenant_detail.html,98,button,Salvar consumo,,POST,,,inventariado; execucao pendente,,,,,,,,
src/apps/platform/templates/platform/tenant_detail.html,98,button,Cancelar,,POST,,data-modal-close=,inventariado; execucao pendente,,,,,,,,
src/apps/platform/templates/platform/tenant_detail.html,102,button,{% if token_draft %}Editar proposta{% else %}Criar proposta{% endif %},,,,data-modal-open=token-offer-dialog,inventariado; execucao pendente,,,,,,,,
src/apps/platform/templates/platform/tenant_detail.html,107,button,×,,,,data-modal-close=,inventariado; execucao pendente,,,,,,,,
src/apps/platform/templates/platform/tenant_detail.html,108,form,{% csrf_token %} {% if token_offer_form.errors %} Revise os valores destacados. {% endif %} {% for field in token_offer_form %}{% if field.name == 'integra_monthly_base_brl' %} Cen,,POST,,,inventariado; execucao pendente,,,,,,,,
src/apps/platform/templates/platform/tenant_detail.html,112,button,Salvar proposta para aceite,,POST,,,inventariado; execucao pendente,,,,,,,,
src/apps/platform/templates/platform/tenant_detail.html,112,button,Cancelar,,POST,,data-modal-close=,inventariado; execucao pendente,,,,,,,,
src/apps/platform/templates/platform/tenant_detail.html,120,button,×,,,,data-modal-close=,inventariado; execucao pendente,,,,,,,,
src/apps/platform/templates/platform/tenant_detail.html,121,form,{% csrf_token %} {% if contract_form.errors %} Revise os campos destacados. {% endif %} {% for field in contract_form %} {{ field.label }} {{ field }}{% if field.errors %} {{ field,,POST,,,inventariado; execucao pendente,,,,,,,,
src/apps/platform/templates/platform/tenant_detail.html,125,button,Salvar contrato,,POST,,,inventariado; execucao pendente,,,,,,,,
src/apps/platform/templates/platform/tenant_detail.html,125,button,Cancelar,,POST,,data-modal-close=,inventariado; execucao pendente,,,,,,,,
src/apps/platform/templates/platform/tenant_detail.html,134,button,×,,,,data-modal-close=,inventariado; execucao pendente,,,,,,,,
src/apps/platform/templates/platform/tenant_detail.html,135,form,"{% csrf_token %} Novo estado {% for value, label in lifecycle_targets %} {{ label }} {% endfor %} Motivo Confirmo o bloqueio de acesso deste escritório. Registrar mudança Cancelar",,POST,,,inventariado; execucao pendente,,,,,,,,
src/apps/platform/templates/platform/tenant_detail.html,137,select,"{% for value, label in lifecycle_targets %} {{ label }} {% endfor %}",lifecycle-state,POST,,,inventariado; execucao pendente,,,,,,,,
src/apps/platform/templates/platform/tenant_detail.html,138,textarea,Motivo,lifecycle-reason,POST,,,inventariado; execucao pendente,,,,,,,,
src/apps/platform/templates/platform/tenant_detail.html,139,input:checkbox,Confirmo o bloqueio de acesso deste escritório.,confirm-lifecycle,POST,,,inventariado; execucao pendente,,,,,,,,
src/apps/platform/templates/platform/tenant_detail.html,140,button,Registrar mudança,,POST,,,inventariado; execucao pendente,,,,,,,,
src/apps/platform/templates/platform/tenant_detail.html,140,button,Cancelar,,POST,,data-modal-close=,inventariado; execucao pendente,,,,,,,,
src/apps/platform/templates/platform/tenant_detail.html,149,form,"{% csrf_token %} {% for value, label in invoice_status_choices %} {{ label }} {% endfor %} Registrar",,POST,,,inventariado; execucao pendente,,,,,,,,
src/apps/platform/templates/platform/tenant_detail.html,149,select,"{% for value, label in invoice_status_choices %} {{ label }} {% endfor %}",invoice-status-{{ invoice.id }},POST,,,inventariado; execucao pendente,,,,,,,,
src/apps/platform/templates/platform/tenant_detail.html,149,button,Registrar,,POST,,,inventariado; execucao pendente,,,,,,,,
src/apps/platform/templates/platform/tenant_detail.html,150,a,Anterior,,,?{% if invoice_querystring %}{{ invoice_querystring }}&{% endif %}invoice_page={{ invoice_page.previous_page_number }},,inventariado; execucao pendente,,,,,,,,
src/apps/platform/templates/platform/tenant_detail.html,150,a,Próxima,,,?{% if invoice_querystring %}{{ invoice_querystring }}&{% endif %}invoice_page={{ invoice_page.next_page_number }},,inventariado; execucao pendente,,,,,,,,
src/apps/platform/templates/platform/tenant_detail.html,156,summary,Configurações avançadas Copiloto e retenção de dados {% if fallback_settings and fallback_settings.claude_fallback_enabled %}Claude ativo{% else %}Claude desativado{% endif %} · {{,,,,,inventariado; execucao pendente,,,,,,,,
src/apps/platform/templates/platform/tenant_detail.html,163,button,Configurar,,,,data-modal-open=fallback-dialog,inventariado; execucao pendente,,,,,,,,
src/apps/platform/templates/platform/tenant_detail.html,167,button,Alterar,,,,data-modal-open=retention-dialog,inventariado; execucao pendente,,,,,,,,
src/apps/platform/templates/platform/tenant_detail.html,174,button,×,,,,data-modal-close=,inventariado; execucao pendente,,,,,,,,
src/apps/platform/templates/platform/tenant_detail.html,175,form,{% csrf_token %} {% if retention_form.errors %} Revise o prazo e a confirmação. {% endif %} {% for field in retention_form %}{% if field.name == 'confirm_shortening' %} {{ field }},,POST,,,inventariado; execucao pendente,,,,,,,,
src/apps/platform/templates/platform/tenant_detail.html,179,button,Salvar retenção,,POST,,,inventariado; execucao pendente,,,,,,,,
src/apps/platform/templates/platform/tenant_detail.html,179,button,Cancelar,,POST,,data-modal-close=,inventariado; execucao pendente,,,,,,,,
src/apps/platform/templates/platform/tenant_detail.html,187,button,×,,,,data-modal-close=,inventariado; execucao pendente,,,,,,,,
src/apps/platform/templates/platform/tenant_detail.html,188,form,{% csrf_token %} {% if fallback_form.errors %} Revise os campos destacados. {% endif %} {% for field in fallback_form %} {% if field.name == 'enabled' or field.name == 'allow_full_,,POST,,,inventariado; execucao pendente,,,,,,,,
src/apps/platform/templates/platform/tenant_detail.html,196,button,Salvar política,,POST,,,inventariado; execucao pendente,,,,,,,,
src/apps/platform/templates/platform/tenant_detail.html,196,button,Cancelar,,POST,,data-modal-close=,inventariado; execucao pendente,,,,,,,,
src/apps/platform/templates/platform/tenant_detail.html,213,a,Anterior,,,?{% if egress_attention_querystring %}{{ egress_attention_querystring }}&{% endif %}egress_page={{ egress_attention_page.previous_page_number }}#claude-attention-title,,inventariado; execucao pendente,,,,,,,,
src/apps/platform/templates/platform/tenant_detail.html,213,a,Próxima,,,?{% if egress_attention_querystring %}{{ egress_attention_querystring }}&{% endif %}egress_page={{ egress_attention_page.next_page_number }}#claude-attention-title,,inventariado; execucao pendente,,,,,,,,
src/apps/platform/templates/platform/tenant_detail.html,219,button,×,,,,data-modal-close=,inventariado; execucao pendente,,,,,,,,
src/apps/platform/templates/platform/tenant_detail.html,220,form,{% csrf_token %} {% if invite_form.errors %} Não foi possível enviar o convite. {% for error in invite_form.non_field_errors %} {{ error }} {% endfor %} {% for field in invite_form,,POST,,,inventariado; execucao pendente,,,,,,,,
src/apps/platform/templates/platform/tenant_detail.html,228,a,Confira {{ field.label|lower }}.,,POST,#{{ field.id_for_label }},,inventariado; execucao pendente,,,,,,,,
src/apps/platform/templates/platform/tenant_detail.html,239,button,Enviar convite,,POST,,,inventariado; execucao pendente,,,,,,,,
src/apps/platform/templates/platform/tenant_detail.html,239,button,Cancelar,,POST,,data-modal-close=,inventariado; execucao pendente,,,,,,,,
src/apps/platform/templates/platform/tenants.html,4,button,Novo escritório,,,,data-modal-open=new-office-dialog,inventariado; execucao pendente,,,,,,,,
src/apps/platform/templates/platform/tenants.html,5,a,{{ tenant.name }},,,{% url 'platform:tenant-detail' tenant.id %},,inventariado; execucao pendente,,,,,,,,
src/apps/platform/templates/platform/tenants.html,9,button,×,,,,data-modal-close=,inventariado; execucao pendente,,,,,,,,
src/apps/platform/templates/platform/tenants.html,10,form,"{% csrf_token %} Nome do escritório Identificador Use letras minúsculas, números e hífen. Criar escritório Cancelar",,POST,,,inventariado; execucao pendente,,,,,,,,
src/apps/platform/templates/platform/tenants.html,10,input:text,Nome do escritório,name,POST,,,inventariado; execucao pendente,,,,,,,,
src/apps/platform/templates/platform/tenants.html,10,input:text,Identificador,slug,POST,,,inventariado; execucao pendente,,,,,,,,
src/apps/platform/templates/platform/tenants.html,10,button,Criar escritório,,POST,,,inventariado; execucao pendente,,,,,,,,
src/apps/platform/templates/platform/tenants.html,10,button,Cancelar,,POST,,data-modal-close=,inventariado; execucao pendente,,,,,,,,
src/apps/profitability/templates/profitability/_paginacao.html,4,a,Anterior,,,?{{ request.GET|pagina_url:pagina.previous_page_number }},,inventariado; execucao pendente,,,,,,,,
src/apps/profitability/templates/profitability/_paginacao.html,6,a,Próxima,,,?{{ request.GET|pagina_url:pagina.next_page_number }},,inventariado; execucao pendente,,,,,,,,
src/apps/profitability/templates/profitability/_periodo.html,2,form,Competência {% for item in competencias %} {{ item }} {% endfor %} Ver,,GET,,,inventariado; execucao pendente,,,,,,,,
src/apps/profitability/templates/profitability/_periodo.html,4,select,{% for item in competencias %} {{ item }} {% endfor %},profitability-competencia,GET,,,inventariado; execucao pendente,,,,,,,,
src/apps/profitability/templates/profitability/_periodo.html,5,button,Ver,,GET,,,inventariado; execucao pendente,,,,,,,,
src/apps/profitability/templates/profitability/analyses.html,34,a,{{ rotulo }},,,?competencia={{ competencia|urlencode }}&por={{ valor }},,inventariado; execucao pendente,,,,,,,,
src/apps/profitability/templates/profitability/client_detail.html,8,a,Voltar à carteira,,,{% url 'profitability:overview' %}?competencia={{ competencia|urlencode }},,inventariado; execucao pendente,,,,,,,,
src/apps/profitability/templates/profitability/client_detail.html,62,a,Evolução,,,#evolucao-cliente,,inventariado; execucao pendente,,,,,,,,
src/apps/profitability/templates/profitability/client_detail.html,63,a,Horas,,,#horas-cliente,,inventariado; execucao pendente,,,,,,,,
src/apps/profitability/templates/profitability/client_detail.html,64,a,Equipe,,,#equipe-cliente,,inventariado; execucao pendente,,,,,,,,
src/apps/profitability/templates/profitability/client_detail.html,65,a,Comparações,,,#comparacoes-cliente,,inventariado; execucao pendente,,,,,,,,
src/apps/profitability/templates/profitability/client_detail.html,66,a,Histórico,,,#historico-cliente,,inventariado; execucao pendente,,,,,,,,
src/apps/profitability/templates/profitability/client_detail.html,106,a,{{ item.colaborador.nome }},,,{% url 'profitability:collaborator-detail' item.colaborador.id %}?competencia={{ competencia|urlencode }},,inventariado; execucao pendente,,,,,,,,
src/apps/profitability/templates/profitability/collaborator_detail.html,9,a,Colaboradores,,,{% url 'profitability:collaborators' %}?competencia={{ competencia|urlencode }},,inventariado; execucao pendente,,,,,,,,
src/apps/profitability/templates/profitability/collaborator_detail.html,37,a,lista de colaboradores,,,{% url 'profitability:collaborators' %}?competencia={{ competencia|urlencode }}&vinculos=todos,,inventariado; execucao pendente,,,,,,,,
src/apps/profitability/templates/profitability/collaborators.html,25,form,Nome ou código Pesquisar {% if busca %} Limpar {% endif %},,GET,,,inventariado; execucao pendente,,,,,,,,
src/apps/profitability/templates/profitability/collaborators.html,28,input:search,{{ busca }},collaborators-search,GET,,,inventariado; execucao pendente,,,,,,,,
src/apps/profitability/templates/profitability/collaborators.html,29,button,Pesquisar,,GET,,,inventariado; execucao pendente,,,,,,,,
src/apps/profitability/templates/profitability/collaborators.html,30,a,Limpar,,GET,?competencia={{ competencia|urlencode }},,inventariado; execucao pendente,,,,,,,,
src/apps/profitability/templates/profitability/collaborators.html,40,a,{{ item.colaborador.nome }},,,{% url 'profitability:collaborator-detail' item.colaborador.id %}?competencia={{ competencia|urlencode }},,inventariado; execucao pendente,,,,,,,,
src/apps/profitability/templates/profitability/collaborators.html,64,a,Sem vínculo,,,?competencia={{ competencia|urlencode }}&vinculos=pendentes,,inventariado; execucao pendente,,,,,,,,
src/apps/profitability/templates/profitability/collaborators.html,65,a,Todos,,,?competencia={{ competencia|urlencode }}&vinculos=todos,,inventariado; execucao pendente,,,,,,,,
src/apps/profitability/templates/profitability/collaborators.html,82,form,{% csrf_token %} Colaborador para {{ item.usuario.i_usuario }} Sem vínculo {% for sugestao in item.sugestoes %} Sugestão · {{ sugestao.nome }} {% endfor %} {% for pessoa in folha %,,POST,,,inventariado; execucao pendente,,,,,,,,
src/apps/profitability/templates/profitability/collaborators.html,86,select,Sem vínculo {% for sugestao in item.sugestoes %} Sugestão · {{ sugestao.nome }} {% endfor %} {% for pessoa in folha %}{% if pessoa not in item.sugestoes %} {{ pessoa.nome }} {% end,vinculo-{{ item.usuario.id }},POST,,,inventariado; execucao pendente,,,,,,,,
src/apps/profitability/templates/profitability/collaborators.html,91,button,Gravar,,POST,,,inventariado; execucao pendente,,,,,,,,
src/apps/profitability/templates/profitability/hours.html,36,a,{{ rotulo }},,,?competencia={{ competencia|urlencode }}&filtro={{ valor }},,inventariado; execucao pendente,,,,,,,,
src/apps/profitability/templates/profitability/overview.html,52,summary,Ver os números da série,,,,,inventariado; execucao pendente,,,,,,,,
src/apps/profitability/templates/profitability/overview.html,90,summary,Ver os números do mapa,,,,,inventariado; execucao pendente,,,,,,,,
src/apps/profitability/templates/profitability/overview.html,93,a,{{ linha.empresa.name }},,,{% url 'profitability:client-detail' linha.empresa_id %}?competencia={{ competencia|urlencode }},,inventariado; execucao pendente,,,,,,,,
src/apps/profitability/templates/profitability/overview.html,107,a,{{ linha.empresa.name }},,,{% url 'profitability:client-detail' linha.empresa_id %}?competencia={{ competencia|urlencode }},,inventariado; execucao pendente,,,,,,,,
src/apps/profitability/templates/profitability/overview.html,117,a,{{ rotulo }},,,?competencia={{ competencia|urlencode }}&por={{ valor }},,inventariado; execucao pendente,,,,,,,,
src/apps/profitability/templates/profitability/overview.html,134,a,{{ item.colaborador.nome }},,,{% url 'profitability:collaborator-detail' item.colaborador.id %}?competencia={{ competencia|urlencode }},,inventariado; execucao pendente,,,,,,,,
src/apps/profitability/templates/profitability/overview.html,148,a,{{ item.empresa.name }},,,{% url 'profitability:client-detail' item.empresa.id %}?competencia={{ competencia|urlencode }},,inventariado; execucao pendente,,,,,,,,
src/apps/profitability/templates/profitability/overview.html,164,a,{{ linha.empresa.name }},,,{% url 'profitability:client-detail' linha.empresa_id %}?competencia={{ competencia|urlencode }},,inventariado; execucao pendente,,,,,,,,
src/apps/profitability/templates/profitability/settings.html,19,form,{% csrf_token %} {% if form.non_field_errors %} {{ form.non_field_errors }} {% endif %} {% for field in form %} {{ field.label }} {{ field }} {% if field.help_text %} {{ field.help,,POST,,,inventariado; execucao pendente,,,,,,,,
src/apps/profitability/templates/profitability/settings.html,32,button,Gravar e recalcular,,POST,,,inventariado; execucao pendente,,,,,,,,
